PRAGMA foreign_keys=ON;
BEGIN TRANSACTION;
CREATE TABLE Events (
  Name text NOT NULL,
  Year INTEGER NOT NULL,
  Month INTEGER DEFAULT NULL,
  ID INTEGER NOT NULL PRIMARY KEY
);
INSERT INTO Events VALUES('RoboCup',2008,7,0);
INSERT INTO Events VALUES('German Open',2009,4,1);
INSERT INTO Events VALUES('RoboCup',2009,7,2);
INSERT INTO Events VALUES('German Open',2010,4,3);
INSERT INTO Events VALUES('RoboCup',2010,6,4);
INSERT INTO Events VALUES('German Open',2011,4,5);
INSERT INTO Events VALUES('RoboCup',2011,7,6);
INSERT INTO Events VALUES('German Open',2012,4,7);
INSERT INTO Events VALUES('RoboCup',2012,6,8);
INSERT INTO Events VALUES('German Open',2013,4,9);
INSERT INTO Events VALUES('RoboCup',2013,6,10);
INSERT INTO Events VALUES('German Open',2014,4,11);
INSERT INTO Events VALUES('RoboCup',2014,7,12);
INSERT INTO Events VALUES('German Open',2015,4,13);
INSERT INTO Events VALUES('RoboCup',2015,7,14);
INSERT INTO Events VALUES('European Open',2016,4,15);
INSERT INTO Events VALUES('RoboCup',2016,7,16);
INSERT INTO Events VALUES('RoboCup (Outdoor Competition)',2016,6,17);
INSERT INTO Events VALUES('German Open',2017,5,18);
INSERT INTO Events VALUES('RoboCup',2017,7,19);
INSERT INTO Events VALUES('German Open',2018,4,20);
INSERT INTO Events VALUES('RoboCup',2018,6,21);
INSERT INTO Events VALUES('US Open',2017,4,22);
INSERT INTO Events VALUES('US Open',2016,4,23);
INSERT INTO Events VALUES('German Open',2019,5,24);
INSERT INTO Events VALUES('RoboCup',2019,7,25);
INSERT INTO Events VALUES('German Open',2022,4,26);
INSERT INTO Events VALUES('RoboCup',2022,7,27);
INSERT INTO Events VALUES('German Open',2023,4,28);
CREATE TABLE Teams (
  ID INTEGER NOT NULL PRIMARY KEY,
  Name TEXT NOT NULL UNIQUE
);
INSERT INTO Teams VALUES(1,'BreDoBrothers');
INSERT INTO Teams VALUES(2,'SPQR Team');
INSERT INTO Teams VALUES(3,'rUNSWift');
INSERT INTO Teams VALUES(4,'Cerberus');
INSERT INTO Teams VALUES(5,'WrightEagle');
INSERT INTO Teams VALUES(6,'Berlin United');
INSERT INTO Teams VALUES(7,'CMU/GeorgiaTech');
INSERT INTO Teams VALUES(8,'Kouretes');
INSERT INTO Teams VALUES(9,'NUBots');
INSERT INTO Teams VALUES(10,'Team Chaos');
INSERT INTO Teams VALUES(11,'UChile');
INSERT INTO Teams VALUES(12,'Cuauhpipitltin');
INSERT INTO Teams VALUES(13,'UT Austin Villa');
INSERT INTO Teams VALUES(14,'Northern Bites');
INSERT INTO Teams VALUES(15,'ZaDeAt');
INSERT INTO Teams VALUES(16,'Nao Devils');
INSERT INTO Teams VALUES(17,'HTWK Robots');
INSERT INTO Teams VALUES(18,'L3M');
INSERT INTO Teams VALUES(19,'B-Human');
INSERT INTO Teams VALUES(20,'TeamChaos-URJC');
INSERT INTO Teams VALUES(21,'TeamChaos-UMU');
INSERT INTO Teams VALUES(22,'Burst');
INSERT INTO Teams VALUES(23,'TJArk');
INSERT INTO Teams VALUES(24,'UPennalizers');
INSERT INTO Teams VALUES(25,'RoboEireann');
INSERT INTO Teams VALUES(26,'Austrian Kangaroos');
INSERT INTO Teams VALUES(27,'NTU RoboPAL');
INSERT INTO Teams VALUES(28,'CMWrEagle');
INSERT INTO Teams VALUES(29,'MRL');
INSERT INTO Teams VALUES(30,'coolRUNners');
INSERT INTO Teams VALUES(31,'Dutch Nao Team');
INSERT INTO Teams VALUES(32,'NimbRo');
INSERT INTO Teams VALUES(33,'Bembelbots');
INSERT INTO Teams VALUES(34,'RFC St. Ellingen');
INSERT INTO Teams VALUES(35,'CMurfs');
INSERT INTO Teams VALUES(36,'SPQR+UChile');
INSERT INTO Teams VALUES(37,'WrightEagleUnleashed!');
INSERT INTO Teams VALUES(38,'Team Nanyang');
INSERT INTO Teams VALUES(39,'Noxious');
INSERT INTO Teams VALUES(40,'Noxious-Kouretes');
INSERT INTO Teams VALUES(41,'Portuguese Team');
INSERT INTO Teams VALUES(42,'Edinferno');
INSERT INTO Teams VALUES(43,'WPI');
INSERT INTO Teams VALUES(44,'SPITeam');
INSERT INTO Teams VALUES(45,'MiPal');
INSERT INTO Teams VALUES(46,'Los Hidalgos');
INSERT INTO Teams VALUES(47,'DAInamite');
INSERT INTO Teams VALUES(48,'AUTMan');
INSERT INTO Teams VALUES(49,'RoboCanes');
INSERT INTO Teams VALUES(50,'NomadZ');
INSERT INTO Teams VALUES(51,'HULKs');
INSERT INTO Teams VALUES(52,'Philosopher');
INSERT INTO Teams VALUES(53,'SPURT');
INSERT INTO Teams VALUES(54,'Linköping Humanoids');
INSERT INTO Teams VALUES(55,'GraceBand');
INSERT INTO Teams VALUES(56,'Camellia Dragons');
INSERT INTO Teams VALUES(57,'Luxembourg United');
INSERT INTO Teams VALUES(58,'JoiTech');
INSERT INTO Teams VALUES(59,'Aztlan');
INSERT INTO Teams VALUES(60,'WrightOcean');
INSERT INTO Teams VALUES(61,'UnBeatables');
INSERT INTO Teams VALUES(62,'Rinobot');
INSERT INTO Teams VALUES(63,'Naova');
INSERT INTO Teams VALUES(64,'Team USA');
INSERT INTO Teams VALUES(65,'Starkit');
INSERT INTO Teams VALUES(66,'SABANA Herons');
INSERT INTO Teams VALUES(67,'R-ZWEI KICKERS');
CREATE TABLE Games (
  ID INTEGER NOT NULL PRIMARY KEY,
  Home INTEGER NOT NULL,
  Away INTEGER NOT NULL,
  GoalsHome INTEGER NOT NULL,
  GoalsAway INTEGER NOT NULL,
  PGoalsHome INTEGER DEFAULT NULL,
  PGoalsAway INTEGER DEFAULT NULL,
  EventID INTEGER NOT NULL,
  FOREIGN KEY (Home) REFERENCES Teams (ID) ON DELETE CASCADE ON UPDATE CASCADE,
  FOREIGN KEY (Away) REFERENCES Teams (ID) ON DELETE CASCADE ON UPDATE CASCADE,
  FOREIGN KEY (EventID) REFERENCES Events (ID) ON DELETE CASCADE ON UPDATE CASCADE
);
INSERT INTO Games VALUES(1,1,2,0,0,NULL,NULL,0);
INSERT INTO Games VALUES(2,5,6,0,0,NULL,NULL,0);
INSERT INTO Games VALUES(3,9,10,0,0,NULL,NULL,0);
INSERT INTO Games VALUES(4,13,14,0,0,NULL,NULL,0);
INSERT INTO Games VALUES(5,3,4,0,0,NULL,NULL,0);
INSERT INTO Games VALUES(6,7,8,0,0,NULL,NULL,0);
INSERT INTO Games VALUES(7,11,12,0,0,NULL,NULL,0);
INSERT INTO Games VALUES(8,1,4,1,0,NULL,NULL,0);
INSERT INTO Games VALUES(9,5,8,0,0,NULL,NULL,0);
INSERT INTO Games VALUES(10,9,12,1,1,NULL,NULL,0);
INSERT INTO Games VALUES(11,2,3,0,0,NULL,NULL,0);
INSERT INTO Games VALUES(12,6,7,0,0,NULL,NULL,0);
INSERT INTO Games VALUES(13,10,11,0,0,NULL,NULL,0);
INSERT INTO Games VALUES(14,1,3,1,0,NULL,NULL,0);
INSERT INTO Games VALUES(15,5,7,0,0,NULL,NULL,0);
INSERT INTO Games VALUES(16,9,11,0,0,NULL,NULL,0);
INSERT INTO Games VALUES(17,13,15,0,0,NULL,NULL,0);
INSERT INTO Games VALUES(18,2,4,0,0,NULL,NULL,0);
INSERT INTO Games VALUES(19,6,8,0,0,NULL,NULL,0);
INSERT INTO Games VALUES(20,10,12,0,0,NULL,NULL,0);
INSERT INTO Games VALUES(21,14,15,0,0,NULL,NULL,0);
INSERT INTO Games VALUES(22,1,6,0,1,NULL,NULL,0);
INSERT INTO Games VALUES(23,7,3,2,0,NULL,NULL,0);
INSERT INTO Games VALUES(24,9,14,2,0,NULL,NULL,0);
INSERT INTO Games VALUES(25,13,8,0,0,0,1,0);
INSERT INTO Games VALUES(26,6,9,0,1,NULL,NULL,0);
INSERT INTO Games VALUES(27,7,8,2,0,NULL,NULL,0);
INSERT INTO Games VALUES(28,6,8,0,0,0,1,0);
INSERT INTO Games VALUES(29,9,7,0,0,1,0,0);
INSERT INTO Games VALUES(30,6,16,0,0,NULL,NULL,1);
INSERT INTO Games VALUES(31,6,20,0,0,NULL,NULL,1);
INSERT INTO Games VALUES(32,6,17,1,2,NULL,NULL,1);
INSERT INTO Games VALUES(33,6,18,0,0,NULL,NULL,1);
INSERT INTO Games VALUES(34,16,20,1,0,NULL,NULL,1);
INSERT INTO Games VALUES(35,16,17,0,0,NULL,NULL,1);
INSERT INTO Games VALUES(36,16,18,1,0,NULL,NULL,1);
INSERT INTO Games VALUES(37,20,17,0,1,NULL,NULL,1);
INSERT INTO Games VALUES(38,20,18,0,0,NULL,NULL,1);
INSERT INTO Games VALUES(39,17,18,3,0,NULL,NULL,1);
INSERT INTO Games VALUES(40,8,19,0,9,NULL,NULL,1);
INSERT INTO Games VALUES(41,8,21,0,0,NULL,NULL,1);
INSERT INTO Games VALUES(42,8,15,0,0,NULL,NULL,1);
INSERT INTO Games VALUES(43,19,21,2,0,NULL,NULL,1);
INSERT INTO Games VALUES(44,19,15,3,0,NULL,NULL,1);
INSERT INTO Games VALUES(45,21,15,0,0,NULL,NULL,1);
INSERT INTO Games VALUES(46,17,21,4,0,NULL,NULL,1);
INSERT INTO Games VALUES(47,19,16,4,0,NULL,NULL,1);
INSERT INTO Games VALUES(48,21,16,0,1,NULL,NULL,1);
INSERT INTO Games VALUES(49,17,19,0,9,NULL,NULL,1);
INSERT INTO Games VALUES(50,9,4,2,0,NULL,NULL,2);
INSERT INTO Games VALUES(51,9,22,1,0,NULL,NULL,2);
INSERT INTO Games VALUES(52,4,22,0,0,NULL,NULL,2);
INSERT INTO Games VALUES(53,14,12,2,0,NULL,NULL,2);
INSERT INTO Games VALUES(54,14,17,2,0,NULL,NULL,2);
INSERT INTO Games VALUES(55,12,17,0,0,NULL,NULL,2);
INSERT INTO Games VALUES(56,8,19,0,7,NULL,NULL,2);
INSERT INTO Games VALUES(57,8,23,0,0,NULL,NULL,2);
INSERT INTO Games VALUES(58,19,23,9,0,NULL,NULL,2);
INSERT INTO Games VALUES(59,3,15,0,0,NULL,NULL,2);
INSERT INTO Games VALUES(60,3,18,1,1,NULL,NULL,2);
INSERT INTO Games VALUES(61,15,18,0,1,NULL,NULL,2);
INSERT INTO Games VALUES(62,6,10,0,0,NULL,NULL,2);
INSERT INTO Games VALUES(63,6,24,0,1,NULL,NULL,2);
INSERT INTO Games VALUES(64,10,24,1,1,NULL,NULL,2);
INSERT INTO Games VALUES(65,16,25,2,0,NULL,NULL,2);
INSERT INTO Games VALUES(66,16,26,0,0,NULL,NULL,2);
INSERT INTO Games VALUES(67,25,26,0,0,NULL,NULL,2);
INSERT INTO Games VALUES(68,13,2,2,0,NULL,NULL,2);
INSERT INTO Games VALUES(69,13,27,0,0,NULL,NULL,2);
INSERT INTO Games VALUES(70,2,27,0,0,NULL,NULL,2);
INSERT INTO Games VALUES(71,28,11,3,0,NULL,NULL,2);
INSERT INTO Games VALUES(72,28,29,4,0,NULL,NULL,2);
INSERT INTO Games VALUES(73,11,29,0,0,NULL,NULL,2);
INSERT INTO Games VALUES(74,22,12,0,0,1,0,2);
INSERT INTO Games VALUES(75,4,17,0,0,2,0,2);
INSERT INTO Games VALUES(76,8,15,0,0,NULL,NULL,2);
INSERT INTO Games VALUES(77,23,3,0,0,1,0,2);
INSERT INTO Games VALUES(78,10,25,0,0,1,0,2);
INSERT INTO Games VALUES(79,6,26,0,0,0,3,2);
INSERT INTO Games VALUES(80,27,29,0,0,1,0,2);
INSERT INTO Games VALUES(81,2,11,0,0,0,1,2);
INSERT INTO Games VALUES(82,9,24,2,0,NULL,NULL,2);
INSERT INTO Games VALUES(83,9,15,1,0,NULL,NULL,2);
INSERT INTO Games VALUES(84,9,27,1,1,NULL,NULL,2);
INSERT INTO Games VALUES(85,24,15,0,0,NULL,NULL,2);
INSERT INTO Games VALUES(86,24,27,0,1,NULL,NULL,2);
INSERT INTO Games VALUES(87,15,27,0,0,NULL,NULL,2);
INSERT INTO Games VALUES(88,14,16,2,0,NULL,NULL,2);
INSERT INTO Games VALUES(89,14,23,3,0,NULL,NULL,2);
INSERT INTO Games VALUES(90,14,11,3,0,NULL,NULL,2);
INSERT INTO Games VALUES(91,16,23,1,0,NULL,NULL,2);
INSERT INTO Games VALUES(92,16,11,0,0,NULL,NULL,2);
INSERT INTO Games VALUES(93,23,11,0,0,NULL,NULL,2);
INSERT INTO Games VALUES(94,19,13,9,0,NULL,NULL,2);
INSERT INTO Games VALUES(95,19,10,9,0,NULL,NULL,2);
INSERT INTO Games VALUES(96,19,22,7,0,NULL,NULL,2);
INSERT INTO Games VALUES(97,13,10,2,0,NULL,NULL,2);
INSERT INTO Games VALUES(98,13,22,2,0,NULL,NULL,2);
INSERT INTO Games VALUES(99,10,22,0,1,NULL,NULL,2);
INSERT INTO Games VALUES(100,18,28,0,1,NULL,NULL,2);
INSERT INTO Games VALUES(101,18,26,0,0,NULL,NULL,2);
INSERT INTO Games VALUES(102,18,4,1,0,NULL,NULL,2);
INSERT INTO Games VALUES(103,28,26,0,1,NULL,NULL,2);
INSERT INTO Games VALUES(104,28,4,1,1,NULL,NULL,2);
INSERT INTO Games VALUES(105,26,4,1,0,NULL,NULL,2);
INSERT INTO Games VALUES(106,9,16,0,1,NULL,NULL,2);
INSERT INTO Games VALUES(107,14,27,2,1,NULL,NULL,2);
INSERT INTO Games VALUES(108,19,28,11,1,NULL,NULL,2);
INSERT INTO Games VALUES(109,26,13,0,2,NULL,NULL,2);
INSERT INTO Games VALUES(110,16,14,1,1,NULL,NULL,2);
INSERT INTO Games VALUES(111,19,13,7,0,NULL,NULL,2);
INSERT INTO Games VALUES(112,16,13,4,1,NULL,NULL,2);
INSERT INTO Games VALUES(113,14,19,0,5,NULL,NULL,2);
INSERT INTO Games VALUES(114,19,6,8,0,NULL,NULL,3);
INSERT INTO Games VALUES(115,19,30,9,0,NULL,NULL,3);
INSERT INTO Games VALUES(116,6,30,1,0,NULL,NULL,3);
INSERT INTO Games VALUES(117,26,25,1,0,NULL,NULL,3);
INSERT INTO Games VALUES(118,26,31,2,0,NULL,NULL,3);
INSERT INTO Games VALUES(119,25,31,0,0,NULL,NULL,3);
INSERT INTO Games VALUES(120,17,32,0,3,NULL,NULL,3);
INSERT INTO Games VALUES(121,17,33,2,0,NULL,NULL,3);
INSERT INTO Games VALUES(122,32,33,2,0,NULL,NULL,3);
INSERT INTO Games VALUES(123,18,15,1,0,NULL,NULL,3);
INSERT INTO Games VALUES(124,18,34,0,0,NULL,NULL,3);
INSERT INTO Games VALUES(125,15,34,0,0,NULL,NULL,3);
INSERT INTO Games VALUES(126,6,31,1,0,NULL,NULL,3);
INSERT INTO Games VALUES(127,25,30,0,0,NULL,NULL,3);
INSERT INTO Games VALUES(128,17,15,1,0,NULL,NULL,3);
INSERT INTO Games VALUES(129,34,33,0,0,NULL,NULL,3);
INSERT INTO Games VALUES(130,19,26,7,0,NULL,NULL,3);
INSERT INTO Games VALUES(131,19,17,6,0,NULL,NULL,3);
INSERT INTO Games VALUES(132,19,33,9,0,NULL,NULL,3);
INSERT INTO Games VALUES(133,26,17,3,0,NULL,NULL,3);
INSERT INTO Games VALUES(134,26,33,0,0,NULL,NULL,3);
INSERT INTO Games VALUES(135,17,33,1,0,NULL,NULL,3);
INSERT INTO Games VALUES(136,32,18,3,0,NULL,NULL,3);
INSERT INTO Games VALUES(137,32,6,2,0,NULL,NULL,3);
INSERT INTO Games VALUES(138,32,25,2,0,NULL,NULL,3);
INSERT INTO Games VALUES(139,18,6,1,2,NULL,NULL,3);
INSERT INTO Games VALUES(140,18,25,0,0,NULL,NULL,3);
INSERT INTO Games VALUES(141,6,25,1,1,NULL,NULL,3);
INSERT INTO Games VALUES(142,19,6,10,0,NULL,NULL,3);
INSERT INTO Games VALUES(143,32,26,3,1,NULL,NULL,3);
INSERT INTO Games VALUES(144,6,26,0,2,NULL,NULL,3);
INSERT INTO Games VALUES(145,19,32,5,2,NULL,NULL,3);
INSERT INTO Games VALUES(146,19,24,6,1,NULL,NULL,4);
INSERT INTO Games VALUES(147,19,29,10,0,NULL,NULL,4);
INSERT INTO Games VALUES(148,24,29,3,0,NULL,NULL,4);
INSERT INTO Games VALUES(149,35,4,3,0,NULL,NULL,4);
INSERT INTO Games VALUES(150,35,25,4,0,NULL,NULL,4);
INSERT INTO Games VALUES(151,4,25,1,0,NULL,NULL,4);
INSERT INTO Games VALUES(152,16,36,4,1,NULL,NULL,4);
INSERT INTO Games VALUES(153,27,32,0,4,NULL,NULL,4);
INSERT INTO Games VALUES(154,27,8,2,0,NULL,NULL,4);
INSERT INTO Games VALUES(155,32,8,8,0,NULL,NULL,4);
INSERT INTO Games VALUES(156,26,37,2,0,NULL,NULL,4);
INSERT INTO Games VALUES(157,26,38,0,1,NULL,NULL,4);
INSERT INTO Games VALUES(158,37,38,0,0,NULL,NULL,4);
INSERT INTO Games VALUES(159,13,22,8,0,NULL,NULL,4);
INSERT INTO Games VALUES(160,13,3,3,3,NULL,NULL,4);
INSERT INTO Games VALUES(161,22,3,0,5,NULL,NULL,4);
INSERT INTO Games VALUES(162,9,23,2,0,NULL,NULL,4);
INSERT INTO Games VALUES(163,9,15,3,0,NULL,NULL,4);
INSERT INTO Games VALUES(164,23,15,0,0,NULL,NULL,4);
INSERT INTO Games VALUES(165,14,18,0,2,NULL,NULL,4);
INSERT INTO Games VALUES(166,14,17,0,3,NULL,NULL,4);
INSERT INTO Games VALUES(167,18,17,0,2,NULL,NULL,4);
INSERT INTO Games VALUES(168,24,25,3,0,NULL,NULL,4);
INSERT INTO Games VALUES(169,29,4,0,1,NULL,NULL,4);
INSERT INTO Games VALUES(170,36,8,1,0,NULL,NULL,4);
INSERT INTO Games VALUES(171,26,22,1,1,3,2,4);
INSERT INTO Games VALUES(172,37,3,0,5,NULL,NULL,4);
INSERT INTO Games VALUES(173,23,14,1,2,NULL,NULL,4);
INSERT INTO Games VALUES(174,15,18,0,2,NULL,NULL,4);
INSERT INTO Games VALUES(175,19,38,10,0,NULL,NULL,4);
INSERT INTO Games VALUES(176,19,14,7,0,NULL,NULL,4);
INSERT INTO Games VALUES(177,19,27,10,0,NULL,NULL,4);
INSERT INTO Games VALUES(178,38,14,0,0,NULL,NULL,4);
INSERT INTO Games VALUES(179,38,27,0,0,NULL,NULL,4);
INSERT INTO Games VALUES(180,14,27,0,0,NULL,NULL,4);
INSERT INTO Games VALUES(181,35,13,0,7,NULL,NULL,4);
INSERT INTO Games VALUES(182,35,18,2,0,NULL,NULL,4);
INSERT INTO Games VALUES(183,35,36,3,1,NULL,NULL,4);
INSERT INTO Games VALUES(184,13,18,5,0,NULL,NULL,4);
INSERT INTO Games VALUES(185,13,36,7,0,NULL,NULL,4);
INSERT INTO Games VALUES(186,18,36,1,1,NULL,NULL,4);
INSERT INTO Games VALUES(187,16,9,1,1,NULL,NULL,4);
INSERT INTO Games VALUES(188,16,24,2,2,NULL,NULL,4);
INSERT INTO Games VALUES(189,16,3,0,5,NULL,NULL,4);
INSERT INTO Games VALUES(190,9,24,1,1,NULL,NULL,4);
INSERT INTO Games VALUES(191,9,3,1,3,NULL,NULL,4);
INSERT INTO Games VALUES(192,24,3,2,1,NULL,NULL,4);
INSERT INTO Games VALUES(193,32,17,3,2,NULL,NULL,4);
INSERT INTO Games VALUES(194,32,4,3,0,NULL,NULL,4);
INSERT INTO Games VALUES(195,32,26,4,2,NULL,NULL,4);
INSERT INTO Games VALUES(196,17,4,2,0,NULL,NULL,4);
INSERT INTO Games VALUES(197,17,26,2,1,NULL,NULL,4);
INSERT INTO Games VALUES(198,4,26,2,0,NULL,NULL,4);
INSERT INTO Games VALUES(199,19,24,8,1,NULL,NULL,4);
INSERT INTO Games VALUES(200,13,17,3,1,NULL,NULL,4);
INSERT INTO Games VALUES(201,3,14,3,0,NULL,NULL,4);
INSERT INTO Games VALUES(202,32,35,1,2,NULL,NULL,4);
INSERT INTO Games VALUES(203,19,13,8,0,NULL,NULL,4);
INSERT INTO Games VALUES(204,3,35,6,0,NULL,NULL,4);
INSERT INTO Games VALUES(205,13,35,5,1,NULL,NULL,4);
INSERT INTO Games VALUES(206,19,3,6,1,NULL,NULL,4);
INSERT INTO Games VALUES(207,19,18,10,0,NULL,NULL,5);
INSERT INTO Games VALUES(208,19,39,10,0,NULL,NULL,5);
INSERT INTO Games VALUES(209,18,39,0,1,NULL,NULL,5);
INSERT INTO Games VALUES(210,6,8,0,0,NULL,NULL,5);
INSERT INTO Games VALUES(211,6,33,1,0,NULL,NULL,5);
INSERT INTO Games VALUES(212,8,33,0,1,NULL,NULL,5);
INSERT INTO Games VALUES(213,32,16,4,0,NULL,NULL,5);
INSERT INTO Games VALUES(214,32,30,9,0,NULL,NULL,5);
INSERT INTO Games VALUES(215,16,30,2,0,NULL,NULL,5);
INSERT INTO Games VALUES(216,17,25,6,0,NULL,NULL,5);
INSERT INTO Games VALUES(217,17,34,10,0,NULL,NULL,5);
INSERT INTO Games VALUES(218,25,34,5,0,NULL,NULL,5);
INSERT INTO Games VALUES(219,39,8,0,0,NULL,NULL,5);
INSERT INTO Games VALUES(220,33,18,0,0,2,0,5);
INSERT INTO Games VALUES(221,16,34,6,0,NULL,NULL,5);
INSERT INTO Games VALUES(222,25,30,3,1,NULL,NULL,5);
INSERT INTO Games VALUES(223,19,6,9,0,NULL,NULL,5);
INSERT INTO Games VALUES(224,19,16,8,0,NULL,NULL,5);
INSERT INTO Games VALUES(225,19,25,8,0,NULL,NULL,5);
INSERT INTO Games VALUES(226,6,16,0,3,NULL,NULL,5);
INSERT INTO Games VALUES(227,6,25,0,3,NULL,NULL,5);
INSERT INTO Games VALUES(228,16,25,2,2,NULL,NULL,5);
INSERT INTO Games VALUES(229,32,17,4,2,NULL,NULL,5);
INSERT INTO Games VALUES(230,32,39,6,0,NULL,NULL,5);
INSERT INTO Games VALUES(231,32,33,6,0,NULL,NULL,5);
INSERT INTO Games VALUES(232,17,39,6,0,NULL,NULL,5);
INSERT INTO Games VALUES(233,17,33,7,0,NULL,NULL,5);
INSERT INTO Games VALUES(234,39,33,0,0,NULL,NULL,5);
INSERT INTO Games VALUES(235,19,17,6,1,NULL,NULL,5);
INSERT INTO Games VALUES(236,32,25,10,0,NULL,NULL,5);
INSERT INTO Games VALUES(237,17,25,10,0,NULL,NULL,5);
INSERT INTO Games VALUES(238,19,32,6,1,NULL,NULL,5);
INSERT INTO Games VALUES(239,19,25,6,0,NULL,NULL,6);
INSERT INTO Games VALUES(240,19,29,10,0,NULL,NULL,6);
INSERT INTO Games VALUES(241,25,29,5,0,NULL,NULL,6);
INSERT INTO Games VALUES(242,3,18,4,0,NULL,NULL,6);
INSERT INTO Games VALUES(243,3,37,3,0,NULL,NULL,6);
INSERT INTO Games VALUES(244,18,37,0,3,NULL,NULL,6);
INSERT INTO Games VALUES(245,13,6,6,0,NULL,NULL,6);
INSERT INTO Games VALUES(246,13,31,5,0,NULL,NULL,6);
INSERT INTO Games VALUES(247,6,31,0,0,NULL,NULL,6);
INSERT INTO Games VALUES(248,35,26,3,0,NULL,NULL,6);
INSERT INTO Games VALUES(249,35,23,6,0,NULL,NULL,6);
INSERT INTO Games VALUES(250,26,23,3,2,NULL,NULL,6);
INSERT INTO Games VALUES(251,24,4,2,1,NULL,NULL,6);
INSERT INTO Games VALUES(252,24,38,5,0,NULL,NULL,6);
INSERT INTO Games VALUES(253,4,38,0,1,NULL,NULL,6);
INSERT INTO Games VALUES(254,17,27,2,4,NULL,NULL,6);
INSERT INTO Games VALUES(255,17,40,3,0,NULL,NULL,6);
INSERT INTO Games VALUES(256,17,41,5,0,NULL,NULL,6);
INSERT INTO Games VALUES(257,27,40,5,1,NULL,NULL,6);
INSERT INTO Games VALUES(258,27,41,8,1,NULL,NULL,6);
INSERT INTO Games VALUES(259,40,41,1,0,NULL,NULL,6);
INSERT INTO Games VALUES(260,9,16,0,3,NULL,NULL,6);
INSERT INTO Games VALUES(261,9,42,1,0,NULL,NULL,6);
INSERT INTO Games VALUES(262,9,36,0,0,NULL,NULL,6);
INSERT INTO Games VALUES(263,16,42,3,0,NULL,NULL,6);
INSERT INTO Games VALUES(264,16,36,6,0,NULL,NULL,6);
INSERT INTO Games VALUES(265,42,36,0,1,NULL,NULL,6);
INSERT INTO Games VALUES(266,14,43,0,0,NULL,NULL,6);
INSERT INTO Games VALUES(267,14,44,0,0,NULL,NULL,6);
INSERT INTO Games VALUES(268,14,45,0,0,NULL,NULL,6);
INSERT INTO Games VALUES(269,43,44,2,0,NULL,NULL,6);
INSERT INTO Games VALUES(270,43,45,1,0,NULL,NULL,6);
INSERT INTO Games VALUES(271,44,45,1,0,NULL,NULL,6);
INSERT INTO Games VALUES(272,25,4,0,1,NULL,NULL,6);
INSERT INTO Games VALUES(273,37,40,2,0,NULL,NULL,6);
INSERT INTO Games VALUES(274,31,36,1,1,NULL,NULL,6);
INSERT INTO Games VALUES(275,26,14,0,1,NULL,NULL,6);
INSERT INTO Games VALUES(276,38,29,1,0,NULL,NULL,6);
INSERT INTO Games VALUES(277,17,18,4,0,NULL,NULL,6);
INSERT INTO Games VALUES(278,9,6,0,0,0,1,6);
INSERT INTO Games VALUES(279,44,23,0,2,NULL,NULL,6);
INSERT INTO Games VALUES(280,19,24,5,0,NULL,NULL,6);
INSERT INTO Games VALUES(281,19,31,10,0,NULL,NULL,6);
INSERT INTO Games VALUES(282,19,6,10,0,NULL,NULL,6);
INSERT INTO Games VALUES(283,24,31,3,1,NULL,NULL,6);
INSERT INTO Games VALUES(284,24,6,3,0,NULL,NULL,6);
INSERT INTO Games VALUES(285,31,6,0,1,NULL,NULL,6);
INSERT INTO Games VALUES(286,3,27,1,1,NULL,NULL,6);
INSERT INTO Games VALUES(287,3,4,7,0,NULL,NULL,6);
INSERT INTO Games VALUES(288,3,38,6,0,NULL,NULL,6);
INSERT INTO Games VALUES(289,27,4,8,0,NULL,NULL,6);
INSERT INTO Games VALUES(290,27,38,8,0,NULL,NULL,6);
INSERT INTO Games VALUES(291,4,38,1,0,NULL,NULL,6);
INSERT INTO Games VALUES(292,13,16,2,4,NULL,NULL,6);
INSERT INTO Games VALUES(293,13,14,5,0,NULL,NULL,6);
INSERT INTO Games VALUES(294,13,23,3,1,NULL,NULL,6);
INSERT INTO Games VALUES(295,16,14,2,1,NULL,NULL,6);
INSERT INTO Games VALUES(296,16,23,7,0,NULL,NULL,6);
INSERT INTO Games VALUES(297,14,23,0,0,NULL,NULL,6);
INSERT INTO Games VALUES(298,35,43,3,0,NULL,NULL,6);
INSERT INTO Games VALUES(299,35,37,2,0,NULL,NULL,6);
INSERT INTO Games VALUES(300,35,17,1,5,NULL,NULL,6);
INSERT INTO Games VALUES(301,43,37,0,1,NULL,NULL,6);
INSERT INTO Games VALUES(302,43,17,0,7,NULL,NULL,6);
INSERT INTO Games VALUES(303,37,17,0,3,NULL,NULL,6);
INSERT INTO Games VALUES(304,19,13,5,0,NULL,NULL,6);
INSERT INTO Games VALUES(305,27,35,3,2,NULL,NULL,6);
INSERT INTO Games VALUES(306,16,24,2,2,5,3,6);
INSERT INTO Games VALUES(307,17,3,5,2,NULL,NULL,6);
INSERT INTO Games VALUES(308,19,17,5,0,NULL,NULL,6);
INSERT INTO Games VALUES(309,27,16,2,4,NULL,NULL,6);
INSERT INTO Games VALUES(310,17,27,2,4,NULL,NULL,6);
INSERT INTO Games VALUES(311,19,16,11,1,NULL,NULL,6);
INSERT INTO Games VALUES(312,16,18,2,1,NULL,NULL,7);
INSERT INTO Games VALUES(313,16,41,4,0,NULL,NULL,7);
INSERT INTO Games VALUES(314,16,34,3,1,NULL,NULL,7);
INSERT INTO Games VALUES(315,18,41,1,2,NULL,NULL,7);
INSERT INTO Games VALUES(316,18,34,2,1,NULL,NULL,7);
INSERT INTO Games VALUES(317,41,34,0,0,NULL,NULL,7);
INSERT INTO Games VALUES(318,19,33,8,1,NULL,NULL,7);
INSERT INTO Games VALUES(319,19,30,10,0,NULL,NULL,7);
INSERT INTO Games VALUES(320,19,44,9,0,NULL,NULL,7);
INSERT INTO Games VALUES(321,33,30,0,0,NULL,NULL,7);
INSERT INTO Games VALUES(322,33,44,1,2,NULL,NULL,7);
INSERT INTO Games VALUES(323,30,44,0,0,NULL,NULL,7);
INSERT INTO Games VALUES(324,25,8,4,0,NULL,NULL,7);
INSERT INTO Games VALUES(325,25,46,2,0,NULL,NULL,7);
INSERT INTO Games VALUES(326,8,46,0,1,NULL,NULL,7);
INSERT INTO Games VALUES(327,17,6,3,2,NULL,NULL,7);
INSERT INTO Games VALUES(328,17,47,3,0,NULL,NULL,7);
INSERT INTO Games VALUES(329,6,47,2,0,NULL,NULL,7);
INSERT INTO Games VALUES(330,46,47,0,0,1,0,7);
INSERT INTO Games VALUES(331,6,8,3,0,NULL,NULL,7);
INSERT INTO Games VALUES(332,25,41,3,0,NULL,NULL,7);
INSERT INTO Games VALUES(333,17,44,3,0,NULL,NULL,7);
INSERT INTO Games VALUES(334,16,46,10,0,NULL,NULL,7);
INSERT INTO Games VALUES(335,19,6,10,0,NULL,NULL,7);
INSERT INTO Games VALUES(336,25,17,4,3,NULL,NULL,7);
INSERT INTO Games VALUES(337,16,19,0,10,NULL,NULL,7);
INSERT INTO Games VALUES(338,17,16,2,5,NULL,NULL,7);
INSERT INTO Games VALUES(339,25,19,0,8,NULL,NULL,7);
INSERT INTO Games VALUES(340,17,11,10,0,NULL,NULL,8);
INSERT INTO Games VALUES(341,19,41,10,0,NULL,NULL,8);
INSERT INTO Games VALUES(342,16,23,2,0,NULL,NULL,8);
INSERT INTO Games VALUES(343,27,14,0,4,NULL,NULL,8);
INSERT INTO Games VALUES(344,42,4,5,0,NULL,NULL,8);
INSERT INTO Games VALUES(345,3,49,10,0,NULL,NULL,8);
INSERT INTO Games VALUES(346,13,29,8,0,NULL,NULL,8);
INSERT INTO Games VALUES(347,24,2,6,1,NULL,NULL,8);
INSERT INTO Games VALUES(348,33,48,0,1,NULL,NULL,8);
INSERT INTO Games VALUES(349,19,8,10,0,NULL,NULL,8);
INSERT INTO Games VALUES(350,16,45,6,0,NULL,NULL,8);
INSERT INTO Games VALUES(351,27,18,2,1,NULL,NULL,8);
INSERT INTO Games VALUES(352,17,26,2,2,NULL,NULL,8);
INSERT INTO Games VALUES(353,3,31,10,0,NULL,NULL,8);
INSERT INTO Games VALUES(354,13,6,8,0,NULL,NULL,8);
INSERT INTO Games VALUES(355,24,12,10,0,NULL,NULL,8);
INSERT INTO Games VALUES(356,42,33,3,3,NULL,NULL,8);
INSERT INTO Games VALUES(357,41,8,0,0,NULL,NULL,8);
INSERT INTO Games VALUES(358,23,45,1,1,NULL,NULL,8);
INSERT INTO Games VALUES(359,14,18,1,1,NULL,NULL,8);
INSERT INTO Games VALUES(360,4,48,0,2,NULL,NULL,8);
INSERT INTO Games VALUES(361,42,48,1,5,NULL,NULL,8);
INSERT INTO Games VALUES(362,49,31,0,0,NULL,NULL,8);
INSERT INTO Games VALUES(363,29,6,2,2,NULL,NULL,8);
INSERT INTO Games VALUES(364,2,12,0,0,NULL,NULL,8);
INSERT INTO Games VALUES(365,4,33,1,0,NULL,NULL,8);
INSERT INTO Games VALUES(366,8,49,0,0,1,0,8);
INSERT INTO Games VALUES(367,23,29,1,1,NULL,NULL,8);
INSERT INTO Games VALUES(368,27,12,2,1,NULL,NULL,8);
INSERT INTO Games VALUES(369,31,41,1,1,0,1,8);
INSERT INTO Games VALUES(370,6,45,2,0,NULL,NULL,8);
INSERT INTO Games VALUES(371,2,18,0,0,1,0,8);
INSERT INTO Games VALUES(372,42,11,4,0,NULL,NULL,8);
INSERT INTO Games VALUES(373,26,4,3,0,NULL,NULL,8);
INSERT INTO Games VALUES(374,16,13,1,5,NULL,NULL,8);
INSERT INTO Games VALUES(375,14,24,1,4,NULL,NULL,8);
INSERT INTO Games VALUES(376,17,48,2,1,NULL,NULL,8);
INSERT INTO Games VALUES(377,19,3,4,3,NULL,NULL,8);
INSERT INTO Games VALUES(378,8,27,0,5,NULL,NULL,8);
INSERT INTO Games VALUES(379,6,42,1,2,NULL,NULL,8);
INSERT INTO Games VALUES(380,41,2,1,0,NULL,NULL,8);
INSERT INTO Games VALUES(381,23,26,0,0,NULL,NULL,8);
INSERT INTO Games VALUES(382,19,23,8,0,NULL,NULL,8);
INSERT INTO Games VALUES(383,16,8,9,0,NULL,NULL,8);
INSERT INTO Games VALUES(384,14,6,3,0,NULL,NULL,8);
INSERT INTO Games VALUES(385,48,41,3,0,NULL,NULL,8);
INSERT INTO Games VALUES(386,3,26,8,1,NULL,NULL,8);
INSERT INTO Games VALUES(387,13,27,9,0,NULL,NULL,8);
INSERT INTO Games VALUES(388,24,42,5,3,NULL,NULL,8);
INSERT INTO Games VALUES(389,17,2,7,1,NULL,NULL,8);
INSERT INTO Games VALUES(390,19,26,9,1,NULL,NULL,8);
INSERT INTO Games VALUES(391,16,27,3,0,NULL,NULL,8);
INSERT INTO Games VALUES(392,14,42,2,3,NULL,NULL,8);
INSERT INTO Games VALUES(393,48,2,4,1,NULL,NULL,8);
INSERT INTO Games VALUES(394,3,23,6,0,NULL,NULL,8);
INSERT INTO Games VALUES(395,13,8,8,0,NULL,NULL,8);
INSERT INTO Games VALUES(396,24,6,5,0,NULL,NULL,8);
INSERT INTO Games VALUES(397,17,41,10,0,NULL,NULL,8);
INSERT INTO Games VALUES(398,19,42,10,0,NULL,NULL,8);
INSERT INTO Games VALUES(399,13,48,5,0,NULL,NULL,8);
INSERT INTO Games VALUES(400,24,3,0,8,NULL,NULL,8);
INSERT INTO Games VALUES(401,17,16,6,1,NULL,NULL,8);
INSERT INTO Games VALUES(402,19,17,2,2,4,3,8);
INSERT INTO Games VALUES(403,13,3,7,6,NULL,NULL,8);
INSERT INTO Games VALUES(404,19,13,2,4,NULL,NULL,8);
INSERT INTO Games VALUES(405,17,3,1,11,NULL,NULL,8);
INSERT INTO Games VALUES(406,25,17,3,3,NULL,NULL,9);
INSERT INTO Games VALUES(407,25,47,5,1,NULL,NULL,9);
INSERT INTO Games VALUES(408,25,33,0,1,NULL,NULL,9);
INSERT INTO Games VALUES(409,17,47,8,0,NULL,NULL,9);
INSERT INTO Games VALUES(410,17,33,7,0,NULL,NULL,9);
INSERT INTO Games VALUES(411,47,33,1,1,NULL,NULL,9);
INSERT INTO Games VALUES(412,19,16,9,0,NULL,NULL,9);
INSERT INTO Games VALUES(413,19,18,12,0,NULL,NULL,9);
INSERT INTO Games VALUES(414,19,2,5,0,NULL,NULL,9);
INSERT INTO Games VALUES(415,16,18,5,0,NULL,NULL,9);
INSERT INTO Games VALUES(416,16,2,0,2,NULL,NULL,9);
INSERT INTO Games VALUES(417,18,2,0,3,NULL,NULL,9);
INSERT INTO Games VALUES(418,17,2,5,0,NULL,NULL,9);
INSERT INTO Games VALUES(419,19,25,17,0,NULL,NULL,9);
INSERT INTO Games VALUES(420,2,25,6,2,NULL,NULL,9);
INSERT INTO Games VALUES(421,17,19,2,7,NULL,NULL,9);
INSERT INTO Games VALUES(422,13,6,4,0,NULL,NULL,10);
INSERT INTO Games VALUES(423,19,23,7,0,NULL,NULL,10);
INSERT INTO Games VALUES(424,42,2,0,3,NULL,NULL,10);
INSERT INTO Games VALUES(425,33,16,0,4,NULL,NULL,10);
INSERT INTO Games VALUES(426,31,3,2,1,NULL,NULL,10);
INSERT INTO Games VALUES(427,47,24,3,1,NULL,NULL,10);
INSERT INTO Games VALUES(428,17,11,8,0,NULL,NULL,10);
INSERT INTO Games VALUES(429,26,14,0,0,NULL,NULL,10);
INSERT INTO Games VALUES(430,13,4,5,0,NULL,NULL,10);
INSERT INTO Games VALUES(431,19,25,10,0,NULL,NULL,10);
INSERT INTO Games VALUES(432,42,8,3,0,NULL,NULL,10);
INSERT INTO Games VALUES(433,26,16,0,5,NULL,NULL,10);
INSERT INTO Games VALUES(434,45,3,0,3,NULL,NULL,10);
INSERT INTO Games VALUES(435,27,24,3,4,NULL,NULL,10);
INSERT INTO Games VALUES(436,33,14,0,1,NULL,NULL,10);
INSERT INTO Games VALUES(437,17,49,5,0,NULL,NULL,10);
INSERT INTO Games VALUES(438,6,4,2,1,NULL,NULL,10);
INSERT INTO Games VALUES(439,25,23,2,0,NULL,NULL,10);
INSERT INTO Games VALUES(440,8,2,0,3,NULL,NULL,10);
INSERT INTO Games VALUES(441,26,33,1,0,NULL,NULL,10);
INSERT INTO Games VALUES(442,31,45,1,0,NULL,NULL,10);
INSERT INTO Games VALUES(443,47,27,0,1,NULL,NULL,10);
INSERT INTO Games VALUES(444,49,11,1,3,NULL,NULL,10);
INSERT INTO Games VALUES(445,16,14,4,0,NULL,NULL,10);
INSERT INTO Games VALUES(446,3,24,1,0,NULL,NULL,10);
INSERT INTO Games VALUES(447,11,8,2,0,NULL,NULL,10);
INSERT INTO Games VALUES(448,42,49,2,0,NULL,NULL,10);
INSERT INTO Games VALUES(449,27,45,5,0,NULL,NULL,10);
INSERT INTO Games VALUES(450,23,26,1,1,1,0,10);
INSERT INTO Games VALUES(451,4,33,0,0,2,0,10);
INSERT INTO Games VALUES(452,13,2,2,4,NULL,NULL,10);
INSERT INTO Games VALUES(453,19,47,6,1,NULL,NULL,10);
INSERT INTO Games VALUES(454,31,14,0,1,NULL,NULL,10);
INSERT INTO Games VALUES(455,3,23,5,0,NULL,NULL,10);
INSERT INTO Games VALUES(456,11,4,2,1,NULL,NULL,10);
INSERT INTO Games VALUES(457,42,25,0,2,NULL,NULL,10);
INSERT INTO Games VALUES(458,6,27,0,0,NULL,NULL,10);
INSERT INTO Games VALUES(459,17,16,6,1,NULL,NULL,10);
INSERT INTO Games VALUES(460,16,27,1,1,NULL,NULL,10);
INSERT INTO Games VALUES(461,17,6,5,0,NULL,NULL,10);
INSERT INTO Games VALUES(462,13,3,2,1,NULL,NULL,10);
INSERT INTO Games VALUES(463,19,11,8,0,NULL,NULL,10);
INSERT INTO Games VALUES(464,31,25,1,5,NULL,NULL,10);
INSERT INTO Games VALUES(465,2,23,1,0,NULL,NULL,10);
INSERT INTO Games VALUES(466,47,4,0,1,NULL,NULL,10);
INSERT INTO Games VALUES(467,14,42,1,0,NULL,NULL,10);
INSERT INTO Games VALUES(468,13,23,6,0,NULL,NULL,10);
INSERT INTO Games VALUES(469,19,4,8,0,NULL,NULL,10);
INSERT INTO Games VALUES(470,31,42,0,2,NULL,NULL,10);
INSERT INTO Games VALUES(471,2,3,0,2,NULL,NULL,10);
INSERT INTO Games VALUES(472,47,11,3,0,NULL,NULL,10);
INSERT INTO Games VALUES(473,25,14,1,2,NULL,NULL,10);
INSERT INTO Games VALUES(474,16,6,2,1,NULL,NULL,10);
INSERT INTO Games VALUES(475,17,27,4,2,NULL,NULL,10);
INSERT INTO Games VALUES(476,3,25,4,1,NULL,NULL,10);
INSERT INTO Games VALUES(477,19,16,9,1,NULL,NULL,10);
INSERT INTO Games VALUES(478,14,13,0,7,NULL,NULL,10);
INSERT INTO Games VALUES(479,17,47,8,0,NULL,NULL,10);
INSERT INTO Games VALUES(480,3,17,1,5,NULL,NULL,10);
INSERT INTO Games VALUES(481,19,13,8,0,NULL,NULL,10);
INSERT INTO Games VALUES(482,3,13,0,4,NULL,NULL,10);
INSERT INTO Games VALUES(483,17,19,2,6,NULL,NULL,10);
INSERT INTO Games VALUES(484,19,16,8,0,NULL,NULL,11);
INSERT INTO Games VALUES(485,19,50,10,0,NULL,NULL,11);
INSERT INTO Games VALUES(486,19,29,3,1,NULL,NULL,11);
INSERT INTO Games VALUES(487,19,6,7,0,NULL,NULL,11);
INSERT INTO Games VALUES(488,16,50,5,0,NULL,NULL,11);
INSERT INTO Games VALUES(489,16,29,2,4,NULL,NULL,11);
INSERT INTO Games VALUES(490,16,6,1,1,NULL,NULL,11);
INSERT INTO Games VALUES(491,50,29,0,4,NULL,NULL,11);
INSERT INTO Games VALUES(492,50,6,0,2,NULL,NULL,11);
INSERT INTO Games VALUES(493,29,6,7,0,NULL,NULL,11);
INSERT INTO Games VALUES(494,17,25,6,0,NULL,NULL,11);
INSERT INTO Games VALUES(495,17,51,4,2,NULL,NULL,11);
INSERT INTO Games VALUES(496,17,33,4,1,NULL,NULL,11);
INSERT INTO Games VALUES(497,25,51,5,0,NULL,NULL,11);
INSERT INTO Games VALUES(498,25,33,3,0,NULL,NULL,11);
INSERT INTO Games VALUES(499,51,33,0,0,NULL,NULL,11);
INSERT INTO Games VALUES(500,19,25,10,0,NULL,NULL,11);
INSERT INTO Games VALUES(501,17,29,4,1,NULL,NULL,11);
INSERT INTO Games VALUES(502,25,29,0,11,NULL,NULL,11);
INSERT INTO Games VALUES(503,19,17,4,1,NULL,NULL,11);
INSERT INTO Games VALUES(504,19,6,6,0,NULL,NULL,12);
INSERT INTO Games VALUES(505,19,11,7,0,NULL,NULL,12);
INSERT INTO Games VALUES(506,19,49,8,0,NULL,NULL,12);
INSERT INTO Games VALUES(507,19,52,4,0,NULL,NULL,12);
INSERT INTO Games VALUES(508,6,11,2,1,NULL,NULL,12);
INSERT INTO Games VALUES(509,6,49,2,0,NULL,NULL,12);
INSERT INTO Games VALUES(510,6,52,2,0,NULL,NULL,12);
INSERT INTO Games VALUES(511,11,49,2,2,NULL,NULL,12);
INSERT INTO Games VALUES(512,11,52,2,0,NULL,NULL,12);
INSERT INTO Games VALUES(513,49,52,4,1,NULL,NULL,12);
INSERT INTO Games VALUES(514,17,14,3,0,NULL,NULL,12);
INSERT INTO Games VALUES(515,17,23,1,0,NULL,NULL,12);
INSERT INTO Games VALUES(516,17,42,5,0,NULL,NULL,12);
INSERT INTO Games VALUES(517,17,26,4,0,NULL,NULL,12);
INSERT INTO Games VALUES(518,14,23,1,1,NULL,NULL,12);
INSERT INTO Games VALUES(519,14,42,0,0,NULL,NULL,12);
INSERT INTO Games VALUES(520,14,26,1,2,NULL,NULL,12);
INSERT INTO Games VALUES(521,23,42,3,0,NULL,NULL,12);
INSERT INTO Games VALUES(522,23,26,2,1,NULL,NULL,12);
INSERT INTO Games VALUES(523,42,26,0,3,NULL,NULL,12);
INSERT INTO Games VALUES(524,13,16,0,7,NULL,NULL,12);
INSERT INTO Games VALUES(525,13,4,2,0,NULL,NULL,12);
INSERT INTO Games VALUES(526,13,27,1,4,NULL,NULL,12);
INSERT INTO Games VALUES(527,13,29,1,3,NULL,NULL,12);
INSERT INTO Games VALUES(528,16,4,4,0,NULL,NULL,12);
INSERT INTO Games VALUES(529,16,27,2,0,NULL,NULL,12);
INSERT INTO Games VALUES(530,16,29,2,0,NULL,NULL,12);
INSERT INTO Games VALUES(531,4,27,1,3,NULL,NULL,12);
INSERT INTO Games VALUES(532,4,29,0,2,NULL,NULL,12);
INSERT INTO Games VALUES(533,27,29,1,2,NULL,NULL,12);
INSERT INTO Games VALUES(534,3,47,5,0,NULL,NULL,12);
INSERT INTO Games VALUES(535,3,2,7,0,NULL,NULL,12);
INSERT INTO Games VALUES(536,3,24,6,0,NULL,NULL,12);
INSERT INTO Games VALUES(537,3,51,9,0,NULL,NULL,12);
INSERT INTO Games VALUES(538,47,2,0,4,NULL,NULL,12);
INSERT INTO Games VALUES(539,47,24,1,6,NULL,NULL,12);
INSERT INTO Games VALUES(540,47,51,0,0,NULL,NULL,12);
INSERT INTO Games VALUES(541,2,24,1,3,NULL,NULL,12);
INSERT INTO Games VALUES(542,2,51,2,0,NULL,NULL,12);
INSERT INTO Games VALUES(543,24,51,5,0,NULL,NULL,12);
INSERT INTO Games VALUES(544,23,27,1,2,NULL,NULL,12);
INSERT INTO Games VALUES(545,6,2,3,1,NULL,NULL,12);
INSERT INTO Games VALUES(546,24,11,0,4,NULL,NULL,12);
INSERT INTO Games VALUES(547,29,26,3,0,NULL,NULL,12);
INSERT INTO Games VALUES(548,19,27,5,0,NULL,NULL,12);
INSERT INTO Games VALUES(549,17,6,4,1,NULL,NULL,12);
INSERT INTO Games VALUES(550,16,11,1,1,1,4,12);
INSERT INTO Games VALUES(551,3,29,5,0,NULL,NULL,12);
INSERT INTO Games VALUES(552,19,3,0,5,NULL,NULL,12);
INSERT INTO Games VALUES(553,17,11,5,4,NULL,NULL,12);
INSERT INTO Games VALUES(554,19,36,7,0,NULL,NULL,12);
INSERT INTO Games VALUES(555,3,17,5,1,NULL,NULL,12);
INSERT INTO Games VALUES(556,19,16,5,0,NULL,NULL,13);
INSERT INTO Games VALUES(557,19,47,3,0,NULL,NULL,13);
INSERT INTO Games VALUES(558,19,53,16,0,NULL,NULL,13);
INSERT INTO Games VALUES(559,19,33,6,1,NULL,NULL,13);
INSERT INTO Games VALUES(560,16,47,4,0,NULL,NULL,13);
INSERT INTO Games VALUES(561,16,53,9,0,NULL,NULL,13);
INSERT INTO Games VALUES(562,16,33,1,0,NULL,NULL,13);
INSERT INTO Games VALUES(563,47,53,2,0,NULL,NULL,13);
INSERT INTO Games VALUES(564,47,33,1,1,NULL,NULL,13);
INSERT INTO Games VALUES(565,53,33,0,0,NULL,NULL,13);
INSERT INTO Games VALUES(566,17,6,4,0,NULL,NULL,13);
INSERT INTO Games VALUES(567,17,50,6,0,NULL,NULL,13);
INSERT INTO Games VALUES(568,17,51,6,0,NULL,NULL,13);
INSERT INTO Games VALUES(569,6,50,7,0,NULL,NULL,13);
INSERT INTO Games VALUES(570,6,51,4,0,NULL,NULL,13);
INSERT INTO Games VALUES(571,50,51,2,0,NULL,NULL,13);
INSERT INTO Games VALUES(572,19,6,7,0,NULL,NULL,13);
INSERT INTO Games VALUES(573,17,16,7,0,NULL,NULL,13);
INSERT INTO Games VALUES(574,6,16,1,1,4,3,13);
INSERT INTO Games VALUES(575,19,17,4,1,NULL,NULL,13);
INSERT INTO Games VALUES(576,3,6,6,1,NULL,NULL,14);
INSERT INTO Games VALUES(577,3,49,7,0,NULL,NULL,14);
INSERT INTO Games VALUES(578,3,52,6,2,NULL,NULL,14);
INSERT INTO Games VALUES(579,3,25,3,0,NULL,NULL,14);
INSERT INTO Games VALUES(580,6,49,6,0,NULL,NULL,14);
INSERT INTO Games VALUES(581,6,52,6,1,NULL,NULL,14);
INSERT INTO Games VALUES(582,6,25,1,0,NULL,NULL,14);
INSERT INTO Games VALUES(583,49,52,1,1,NULL,NULL,14);
INSERT INTO Games VALUES(584,49,25,1,0,NULL,NULL,14);
INSERT INTO Games VALUES(585,52,25,1,1,NULL,NULL,14);
INSERT INTO Games VALUES(586,17,29,8,0,NULL,NULL,14);
INSERT INTO Games VALUES(587,17,26,9,0,NULL,NULL,14);
INSERT INTO Games VALUES(588,17,13,4,0,NULL,NULL,14);
INSERT INTO Games VALUES(589,17,54,10,0,NULL,NULL,14);
INSERT INTO Games VALUES(590,29,26,4,0,NULL,NULL,14);
INSERT INTO Games VALUES(591,29,13,2,1,NULL,NULL,14);
INSERT INTO Games VALUES(592,29,54,8,0,NULL,NULL,14);
INSERT INTO Games VALUES(593,26,13,1,3,NULL,NULL,14);
INSERT INTO Games VALUES(594,26,54,0,0,NULL,NULL,14);
INSERT INTO Games VALUES(595,13,54,3,0,NULL,NULL,14);
INSERT INTO Games VALUES(596,19,27,7,0,NULL,NULL,14);
INSERT INTO Games VALUES(597,19,24,8,0,NULL,NULL,14);
INSERT INTO Games VALUES(598,19,23,8,0,NULL,NULL,14);
INSERT INTO Games VALUES(599,19,51,8,0,NULL,NULL,14);
INSERT INTO Games VALUES(600,27,24,4,1,NULL,NULL,14);
INSERT INTO Games VALUES(601,27,23,1,2,NULL,NULL,14);
INSERT INTO Games VALUES(602,27,51,1,0,NULL,NULL,14);
INSERT INTO Games VALUES(603,24,23,2,2,NULL,NULL,14);
INSERT INTO Games VALUES(604,24,51,2,0,NULL,NULL,14);
INSERT INTO Games VALUES(605,23,51,6,0,NULL,NULL,14);
INSERT INTO Games VALUES(606,11,16,3,1,NULL,NULL,14);
INSERT INTO Games VALUES(607,11,4,3,0,NULL,NULL,14);
INSERT INTO Games VALUES(608,11,2,4,1,NULL,NULL,14);
INSERT INTO Games VALUES(609,11,14,4,0,NULL,NULL,14);
INSERT INTO Games VALUES(610,16,4,0,0,NULL,NULL,14);
INSERT INTO Games VALUES(611,16,2,4,0,NULL,NULL,14);
INSERT INTO Games VALUES(612,16,14,1,1,NULL,NULL,14);
INSERT INTO Games VALUES(613,4,2,1,0,NULL,NULL,14);
INSERT INTO Games VALUES(614,4,14,2,0,NULL,NULL,14);
INSERT INTO Games VALUES(615,2,14,0,4,NULL,NULL,14);
INSERT INTO Games VALUES(616,29,27,1,2,NULL,NULL,14);
INSERT INTO Games VALUES(617,6,16,2,1,NULL,NULL,14);
INSERT INTO Games VALUES(618,4,49,2,0,NULL,NULL,14);
INSERT INTO Games VALUES(619,23,13,0,4,NULL,NULL,14);
INSERT INTO Games VALUES(620,3,27,7,0,NULL,NULL,14);
INSERT INTO Games VALUES(621,17,6,6,0,NULL,NULL,14);
INSERT INTO Games VALUES(622,19,4,10,0,NULL,NULL,14);
INSERT INTO Games VALUES(623,11,13,2,0,NULL,NULL,14);
INSERT INTO Games VALUES(624,3,11,6,1,NULL,NULL,14);
INSERT INTO Games VALUES(625,17,19,1,2,NULL,NULL,14);
INSERT INTO Games VALUES(626,11,17,1,3,NULL,NULL,14);
INSERT INTO Games VALUES(627,3,19,3,1,NULL,NULL,14);
INSERT INTO Games VALUES(628,31,19,0,7,NULL,NULL,15);
INSERT INTO Games VALUES(629,50,17,0,7,NULL,NULL,15);
INSERT INTO Games VALUES(630,55,6,0,2,NULL,NULL,15);
INSERT INTO Games VALUES(631,16,31,2,0,NULL,NULL,15);
INSERT INTO Games VALUES(632,33,50,0,0,NULL,NULL,15);
INSERT INTO Games VALUES(633,51,55,0,0,NULL,NULL,15);
INSERT INTO Games VALUES(634,19,16,5,1,NULL,NULL,15);
INSERT INTO Games VALUES(635,17,33,6,0,NULL,NULL,15);
INSERT INTO Games VALUES(636,51,6,0,1,NULL,NULL,15);
INSERT INTO Games VALUES(637,55,33,1,0,NULL,NULL,15);
INSERT INTO Games VALUES(638,31,51,0,0,NULL,NULL,15);
INSERT INTO Games VALUES(639,50,16,0,3,NULL,NULL,15);
INSERT INTO Games VALUES(640,19,55,13,0,NULL,NULL,15);
INSERT INTO Games VALUES(641,17,51,10,0,NULL,NULL,15);
INSERT INTO Games VALUES(642,6,16,0,6,NULL,NULL,15);
INSERT INTO Games VALUES(643,6,19,0,10,NULL,NULL,15);
INSERT INTO Games VALUES(644,16,17,0,5,NULL,NULL,15);
INSERT INTO Games VALUES(645,6,16,0,4,NULL,NULL,15);
INSERT INTO Games VALUES(646,19,17,5,0,NULL,NULL,15);
INSERT INTO Games VALUES(647,11,51,1,2,NULL,NULL,16);
INSERT INTO Games VALUES(648,56,47,0,1,NULL,NULL,16);
INSERT INTO Games VALUES(649,3,27,0,0,NULL,NULL,17);
INSERT INTO Games VALUES(650,13,31,6,0,NULL,NULL,16);
INSERT INTO Games VALUES(651,50,26,0,1,NULL,NULL,16);
INSERT INTO Games VALUES(652,19,16,2,0,NULL,NULL,17);
INSERT INTO Games VALUES(653,33,24,0,0,NULL,NULL,16);
INSERT INTO Games VALUES(654,25,14,0,1,NULL,NULL,16);
INSERT INTO Games VALUES(655,6,29,0,0,NULL,NULL,17);
INSERT INTO Games VALUES(656,54,2,0,0,NULL,NULL,16);
INSERT INTO Games VALUES(657,49,52,1,1,NULL,NULL,16);
INSERT INTO Games VALUES(658,17,23,0,1,NULL,NULL,17);
INSERT INTO Games VALUES(659,11,24,2,0,NULL,NULL,16);
INSERT INTO Games VALUES(660,56,14,0,0,NULL,NULL,16);
INSERT INTO Games VALUES(661,3,29,0,1,NULL,NULL,17);
INSERT INTO Games VALUES(662,13,2,6,0,NULL,NULL,16);
INSERT INTO Games VALUES(663,50,52,0,0,NULL,NULL,16);
INSERT INTO Games VALUES(664,19,23,5,0,NULL,NULL,17);
INSERT INTO Games VALUES(665,33,51,0,2,NULL,NULL,16);
INSERT INTO Games VALUES(666,25,47,0,3,NULL,NULL,16);
INSERT INTO Games VALUES(667,6,27,1,0,NULL,NULL,17);
INSERT INTO Games VALUES(668,54,31,0,0,NULL,NULL,16);
INSERT INTO Games VALUES(669,49,26,3,0,NULL,NULL,16);
INSERT INTO Games VALUES(670,17,16,0,2,NULL,NULL,17);
INSERT INTO Games VALUES(671,11,33,5,0,NULL,NULL,16);
INSERT INTO Games VALUES(672,56,25,1,1,NULL,NULL,16);
INSERT INTO Games VALUES(673,3,6,0,1,NULL,NULL,17);
INSERT INTO Games VALUES(674,13,54,8,0,NULL,NULL,16);
INSERT INTO Games VALUES(675,50,49,0,3,NULL,NULL,16);
INSERT INTO Games VALUES(676,19,17,4,0,NULL,NULL,17);
INSERT INTO Games VALUES(677,24,51,3,0,NULL,NULL,16);
INSERT INTO Games VALUES(678,14,47,2,0,NULL,NULL,16);
INSERT INTO Games VALUES(679,29,27,0,3,NULL,NULL,17);
INSERT INTO Games VALUES(680,2,31,0,0,NULL,NULL,16);
INSERT INTO Games VALUES(681,52,26,0,1,NULL,NULL,16);
INSERT INTO Games VALUES(682,23,16,1,2,NULL,NULL,17);
INSERT INTO Games VALUES(683,6,16,0,2,NULL,NULL,17);
INSERT INTO Games VALUES(684,19,27,7,0,NULL,NULL,17);
INSERT INTO Games VALUES(685,2,56,0,0,2,0,16);
INSERT INTO Games VALUES(686,51,52,3,0,NULL,NULL,16);
INSERT INTO Games VALUES(687,26,24,1,2,NULL,NULL,16);
INSERT INTO Games VALUES(688,47,31,0,0,3,2,16);
INSERT INTO Games VALUES(689,19,16,0,1,NULL,NULL,17);
INSERT INTO Games VALUES(690,6,27,2,0,NULL,NULL,17);
INSERT INTO Games VALUES(691,11,2,4,1,NULL,NULL,16);
INSERT INTO Games VALUES(692,14,24,0,0,NULL,NULL,16);
INSERT INTO Games VALUES(693,13,51,4,0,NULL,NULL,16);
INSERT INTO Games VALUES(694,49,47,2,0,NULL,NULL,16);
INSERT INTO Games VALUES(695,6,29,2,0,NULL,NULL,16);
INSERT INTO Games VALUES(696,27,17,0,6,NULL,NULL,16);
INSERT INTO Games VALUES(697,16,3,5,0,NULL,NULL,16);
INSERT INTO Games VALUES(698,19,23,9,0,NULL,NULL,16);
INSERT INTO Games VALUES(699,11,29,5,0,NULL,NULL,16);
INSERT INTO Games VALUES(700,14,17,0,5,NULL,NULL,16);
INSERT INTO Games VALUES(701,13,3,5,0,NULL,NULL,16);
INSERT INTO Games VALUES(702,49,23,0,2,NULL,NULL,16);
INSERT INTO Games VALUES(703,6,2,4,0,NULL,NULL,16);
INSERT INTO Games VALUES(704,27,24,0,1,NULL,NULL,16);
INSERT INTO Games VALUES(705,16,51,6,0,NULL,NULL,16);
INSERT INTO Games VALUES(706,19,47,8,0,NULL,NULL,16);
INSERT INTO Games VALUES(707,11,6,3,0,NULL,NULL,16);
INSERT INTO Games VALUES(708,14,27,2,0,NULL,NULL,16);
INSERT INTO Games VALUES(709,13,16,4,2,NULL,NULL,16);
INSERT INTO Games VALUES(710,49,19,0,7,NULL,NULL,16);
INSERT INTO Games VALUES(711,2,29,0,1,NULL,NULL,16);
INSERT INTO Games VALUES(712,24,17,0,2,NULL,NULL,16);
INSERT INTO Games VALUES(713,51,3,1,0,NULL,NULL,16);
INSERT INTO Games VALUES(714,47,23,2,3,NULL,NULL,16);
INSERT INTO Games VALUES(715,16,49,8,0,NULL,NULL,16);
INSERT INTO Games VALUES(716,6,14,3,1,NULL,NULL,16);
INSERT INTO Games VALUES(717,51,23,1,2,NULL,NULL,16);
INSERT INTO Games VALUES(718,29,24,0,0,0,1,16);
INSERT INTO Games VALUES(719,11,16,1,1,3,2,16);
INSERT INTO Games VALUES(720,13,6,6,1,NULL,NULL,16);
INSERT INTO Games VALUES(721,17,23,8,2,NULL,NULL,16);
INSERT INTO Games VALUES(722,19,24,10,0,NULL,NULL,16);
INSERT INTO Games VALUES(723,11,19,1,6,NULL,NULL,16);
INSERT INTO Games VALUES(724,13,17,2,2,3,2,16);
INSERT INTO Games VALUES(725,11,17,1,4,NULL,NULL,16);
INSERT INTO Games VALUES(726,19,13,0,0,3,0,16);
INSERT INTO Games VALUES(753,19,6,6,0,NULL,NULL,18);
INSERT INTO Games VALUES(754,19,16,3,0,NULL,NULL,18);
INSERT INTO Games VALUES(755,19,17,3,0,NULL,NULL,18);
INSERT INTO Games VALUES(756,6,16,0,8,NULL,NULL,18);
INSERT INTO Games VALUES(757,6,17,0,6,NULL,NULL,18);
INSERT INTO Games VALUES(758,16,17,1,5,NULL,NULL,18);
INSERT INTO Games VALUES(759,19,6,7,1,NULL,NULL,18);
INSERT INTO Games VALUES(760,17,16,4,1,NULL,NULL,18);
INSERT INTO Games VALUES(761,6,16,0,5,NULL,NULL,18);
INSERT INTO Games VALUES(762,19,17,4,1,NULL,NULL,18);
INSERT INTO Games VALUES(763,6,57,1,0,NULL,NULL,18);
INSERT INTO Games VALUES(764,16,51,8,0,NULL,NULL,18);
INSERT INTO Games VALUES(765,33,51,0,1,NULL,NULL,18);
INSERT INTO Games VALUES(766,33,57,0,2,NULL,NULL,18);
INSERT INTO Games VALUES(767,33,50,0,0,NULL,NULL,18);
INSERT INTO Games VALUES(768,33,2,0,0,NULL,NULL,18);
INSERT INTO Games VALUES(769,51,57,0,0,NULL,NULL,18);
INSERT INTO Games VALUES(770,51,50,0,0,NULL,NULL,18);
INSERT INTO Games VALUES(771,51,2,1,0,NULL,NULL,18);
INSERT INTO Games VALUES(772,57,50,2,0,NULL,NULL,18);
INSERT INTO Games VALUES(773,57,2,3,0,NULL,NULL,18);
INSERT INTO Games VALUES(774,50,2,0,1,NULL,NULL,18);
INSERT INTO Games VALUES(775,57,50,2,0,NULL,NULL,18);
INSERT INTO Games VALUES(776,51,2,0,0,0,1,18);
INSERT INTO Games VALUES(777,50,51,1,0,NULL,NULL,18);
INSERT INTO Games VALUES(778,57,2,2,0,NULL,NULL,18);
INSERT INTO Games VALUES(915,19,24,7,0,NULL,NULL,19);
INSERT INTO Games VALUES(916,19,29,5,0,NULL,NULL,19);
INSERT INTO Games VALUES(917,24,29,0,3,NULL,NULL,19);
INSERT INTO Games VALUES(918,13,23,2,1,NULL,NULL,19);
INSERT INTO Games VALUES(919,13,49,5,1,NULL,NULL,19);
INSERT INTO Games VALUES(920,23,49,6,0,NULL,NULL,19);
INSERT INTO Games VALUES(921,17,6,4,0,NULL,NULL,19);
INSERT INTO Games VALUES(922,17,51,3,1,NULL,NULL,19);
INSERT INTO Games VALUES(923,6,51,0,3,NULL,NULL,19);
INSERT INTO Games VALUES(924,11,16,0,7,NULL,NULL,19);
INSERT INTO Games VALUES(925,11,3,0,2,NULL,NULL,19);
INSERT INTO Games VALUES(926,16,3,5,1,NULL,NULL,19);
INSERT INTO Games VALUES(927,27,45,0,0,NULL,NULL,19);
INSERT INTO Games VALUES(928,27,58,0,2,NULL,NULL,19);
INSERT INTO Games VALUES(929,45,58,1,3,NULL,NULL,19);
INSERT INTO Games VALUES(930,31,57,0,0,NULL,NULL,19);
INSERT INTO Games VALUES(931,31,59,0,0,NULL,NULL,19);
INSERT INTO Games VALUES(932,57,59,1,0,NULL,NULL,19);
INSERT INTO Games VALUES(933,54,56,0,4,NULL,NULL,19);
INSERT INTO Games VALUES(934,54,33,0,1,NULL,NULL,19);
INSERT INTO Games VALUES(935,56,33,2,0,NULL,NULL,19);
INSERT INTO Games VALUES(936,50,60,0,4,NULL,NULL,19);
INSERT INTO Games VALUES(937,50,25,1,1,NULL,NULL,19);
INSERT INTO Games VALUES(938,60,25,3,0,NULL,NULL,19);
INSERT INTO Games VALUES(939,24,57,0,1,NULL,NULL,19);
INSERT INTO Games VALUES(940,49,56,1,0,NULL,NULL,19);
INSERT INTO Games VALUES(941,6,60,0,3,NULL,NULL,19);
INSERT INTO Games VALUES(942,11,58,4,0,NULL,NULL,19);
INSERT INTO Games VALUES(943,19,51,4,0,NULL,NULL,19);
INSERT INTO Games VALUES(944,19,11,7,0,NULL,NULL,19);
INSERT INTO Games VALUES(945,51,11,6,0,NULL,NULL,19);
INSERT INTO Games VALUES(946,13,3,2,1,NULL,NULL,19);
INSERT INTO Games VALUES(947,13,57,3,0,NULL,NULL,19);
INSERT INTO Games VALUES(948,3,57,4,0,NULL,NULL,19);
INSERT INTO Games VALUES(949,17,29,4,1,NULL,NULL,19);
INSERT INTO Games VALUES(950,17,49,6,0,NULL,NULL,19);
INSERT INTO Games VALUES(951,29,49,4,0,NULL,NULL,19);
INSERT INTO Games VALUES(952,16,23,5,1,NULL,NULL,19);
INSERT INTO Games VALUES(953,16,60,3,0,NULL,NULL,19);
INSERT INTO Games VALUES(954,23,60,6,1,NULL,NULL,19);
INSERT INTO Games VALUES(955,45,54,0,0,NULL,NULL,19);
INSERT INTO Games VALUES(956,45,6,0,3,NULL,NULL,19);
INSERT INTO Games VALUES(957,54,6,0,5,NULL,NULL,19);
INSERT INTO Games VALUES(958,31,50,0,1,NULL,NULL,19);
INSERT INTO Games VALUES(959,31,58,1,1,NULL,NULL,19);
INSERT INTO Games VALUES(960,50,58,0,1,NULL,NULL,19);
INSERT INTO Games VALUES(961,33,27,1,0,NULL,NULL,19);
INSERT INTO Games VALUES(962,33,24,0,1,NULL,NULL,19);
INSERT INTO Games VALUES(963,27,24,0,1,NULL,NULL,19);
INSERT INTO Games VALUES(964,25,59,0,0,NULL,NULL,19);
INSERT INTO Games VALUES(965,25,56,0,1,NULL,NULL,19);
INSERT INTO Games VALUES(966,59,56,0,3,NULL,NULL,19);
INSERT INTO Games VALUES(967,16,51,10,0,NULL,NULL,19);
INSERT INTO Games VALUES(968,17,23,2,0,NULL,NULL,19);
INSERT INTO Games VALUES(969,13,29,2,1,NULL,NULL,19);
INSERT INTO Games VALUES(970,19,3,5,0,NULL,NULL,19);
INSERT INTO Games VALUES(971,24,25,1,0,NULL,NULL,19);
INSERT INTO Games VALUES(972,56,45,2,0,NULL,NULL,19);
INSERT INTO Games VALUES(973,6,50,1,0,NULL,NULL,19);
INSERT INTO Games VALUES(974,58,33,0,0,NULL,NULL,19);
INSERT INTO Games VALUES(975,19,16,4,0,NULL,NULL,19);
INSERT INTO Games VALUES(976,13,17,1,8,NULL,NULL,19);
INSERT INTO Games VALUES(977,24,6,0,3,NULL,NULL,19);
INSERT INTO Games VALUES(978,56,58,3,0,NULL,NULL,19);
INSERT INTO Games VALUES(979,19,17,2,1,NULL,NULL,19);
INSERT INTO Games VALUES(980,6,56,0,1,NULL,NULL,19);
INSERT INTO Games VALUES(981,16,13,6,2,NULL,NULL,19);
INSERT INTO Games VALUES(982,24,58,2,0,NULL,NULL,19);
INSERT INTO Games VALUES(983,19,33,10,0,NULL,NULL,20);
INSERT INTO Games VALUES(984,19,6,8,0,NULL,NULL,20);
INSERT INTO Games VALUES(985,19,51,2,0,NULL,NULL,20);
INSERT INTO Games VALUES(986,19,16,0,1,NULL,NULL,20);
INSERT INTO Games VALUES(987,19,17,0,0,NULL,NULL,20);
INSERT INTO Games VALUES(988,19,50,7,0,NULL,NULL,20);
INSERT INTO Games VALUES(989,33,6,0,2,NULL,NULL,20);
INSERT INTO Games VALUES(990,33,51,0,10,NULL,NULL,20);
INSERT INTO Games VALUES(991,33,16,0,7,NULL,NULL,20);
INSERT INTO Games VALUES(992,33,17,0,10,NULL,NULL,20);
INSERT INTO Games VALUES(993,33,50,0,6,NULL,NULL,20);
INSERT INTO Games VALUES(994,6,51,0,5,NULL,NULL,20);
INSERT INTO Games VALUES(995,6,16,0,5,NULL,NULL,20);
INSERT INTO Games VALUES(996,6,17,0,7,NULL,NULL,20);
INSERT INTO Games VALUES(997,6,50,0,2,NULL,NULL,20);
INSERT INTO Games VALUES(998,51,16,1,2,NULL,NULL,20);
INSERT INTO Games VALUES(999,51,17,0,5,NULL,NULL,20);
INSERT INTO Games VALUES(1000,51,50,5,0,NULL,NULL,20);
INSERT INTO Games VALUES(1001,16,17,0,3,NULL,NULL,20);
INSERT INTO Games VALUES(1002,16,50,6,0,NULL,NULL,20);
INSERT INTO Games VALUES(1003,17,50,7,0,NULL,NULL,20);
INSERT INTO Games VALUES(1004,19,51,5,0,NULL,NULL,20);
INSERT INTO Games VALUES(1005,17,16,5,2,NULL,NULL,20);
INSERT INTO Games VALUES(1006,19,23,5,0,NULL,NULL,21);
INSERT INTO Games VALUES(1007,19,24,7,0,NULL,NULL,21);
INSERT INTO Games VALUES(1008,23,24,5,0,NULL,NULL,21);
INSERT INTO Games VALUES(1009,17,3,4,1,NULL,NULL,21);
INSERT INTO Games VALUES(1010,17,56,9,0,NULL,NULL,21);
INSERT INTO Games VALUES(1011,3,56,4,0,NULL,NULL,21);
INSERT INTO Games VALUES(1012,16,11,6,0,NULL,NULL,21);
INSERT INTO Games VALUES(1013,16,50,4,0,NULL,NULL,21);
INSERT INTO Games VALUES(1014,11,50,0,3,NULL,NULL,21);
INSERT INTO Games VALUES(1015,13,51,0,1,NULL,NULL,21);
INSERT INTO Games VALUES(1016,13,6,1,2,NULL,NULL,21);
INSERT INTO Games VALUES(1017,51,6,1,1,NULL,NULL,21);
INSERT INTO Games VALUES(1018,33,61,1,0,NULL,NULL,21);
INSERT INTO Games VALUES(1019,33,2,1,1,NULL,NULL,21);
INSERT INTO Games VALUES(1020,61,2,0,5,NULL,NULL,21);
INSERT INTO Games VALUES(1021,45,27,0,1,NULL,NULL,21);
INSERT INTO Games VALUES(1022,45,62,0,0,NULL,NULL,21);
INSERT INTO Games VALUES(1023,27,62,0,0,NULL,NULL,21);
INSERT INTO Games VALUES(1024,31,59,0,0,NULL,NULL,21);
INSERT INTO Games VALUES(1025,31,63,0,0,NULL,NULL,21);
INSERT INTO Games VALUES(1026,59,63,0,1,NULL,NULL,21);
INSERT INTO Games VALUES(1027,24,33,0,1,NULL,NULL,21);
INSERT INTO Games VALUES(1028,13,63,6,0,NULL,NULL,21);
INSERT INTO Games VALUES(1029,11,27,4,2,NULL,NULL,21);
INSERT INTO Games VALUES(1030,56,2,1,2,NULL,NULL,21);
INSERT INTO Games VALUES(1031,19,51,3,0,NULL,NULL,21);
INSERT INTO Games VALUES(1032,19,2,6,0,NULL,NULL,21);
INSERT INTO Games VALUES(1033,51,2,3,0,NULL,NULL,21);
INSERT INTO Games VALUES(1034,17,50,4,0,NULL,NULL,21);
INSERT INTO Games VALUES(1035,17,33,9,0,NULL,NULL,21);
INSERT INTO Games VALUES(1036,50,33,1,0,NULL,NULL,21);
INSERT INTO Games VALUES(1037,16,3,0,4,NULL,NULL,21);
INSERT INTO Games VALUES(1038,16,13,3,0,NULL,NULL,21);
INSERT INTO Games VALUES(1039,3,13,2,1,NULL,NULL,21);
INSERT INTO Games VALUES(1040,6,23,0,0,NULL,NULL,21);
INSERT INTO Games VALUES(1041,6,11,2,0,NULL,NULL,21);
INSERT INTO Games VALUES(1042,23,11,5,1,NULL,NULL,21);
INSERT INTO Games VALUES(1043,16,33,6,0,NULL,NULL,21);
INSERT INTO Games VALUES(1044,50,13,0,3,NULL,NULL,21);
INSERT INTO Games VALUES(1045,51,11,3,1,NULL,NULL,21);
INSERT INTO Games VALUES(1046,6,2,1,0,NULL,NULL,21);
INSERT INTO Games VALUES(1047,23,13,5,1,NULL,NULL,21);
INSERT INTO Games VALUES(1048,3,51,2,2,2,4,21);
INSERT INTO Games VALUES(1049,17,6,4,0,NULL,NULL,21);
INSERT INTO Games VALUES(1050,19,16,4,1,NULL,NULL,21);
INSERT INTO Games VALUES(1051,19,23,4,0,NULL,NULL,21);
INSERT INTO Games VALUES(1052,17,51,4,1,NULL,NULL,21);
INSERT INTO Games VALUES(1053,19,17,0,1,NULL,NULL,21);
INSERT INTO Games VALUES(1054,23,51,2,0,NULL,NULL,21);
INSERT INTO Games VALUES(1055,56,24,0,1,NULL,NULL,21);
INSERT INTO Games VALUES(1056,56,62,3,0,NULL,NULL,21);
INSERT INTO Games VALUES(1057,56,45,3,0,NULL,NULL,21);
INSERT INTO Games VALUES(1058,56,59,5,0,NULL,NULL,21);
INSERT INTO Games VALUES(1059,24,62,1,0,NULL,NULL,21);
INSERT INTO Games VALUES(1060,24,45,3,0,NULL,NULL,21);
INSERT INTO Games VALUES(1061,24,59,2,0,NULL,NULL,21);
INSERT INTO Games VALUES(1062,62,45,1,0,NULL,NULL,21);
INSERT INTO Games VALUES(1063,62,59,0,0,NULL,NULL,21);
INSERT INTO Games VALUES(1064,45,59,0,0,NULL,NULL,21);
INSERT INTO Games VALUES(1065,27,63,4,1,NULL,NULL,21);
INSERT INTO Games VALUES(1066,27,31,2,0,NULL,NULL,21);
INSERT INTO Games VALUES(1067,27,61,2,0,NULL,NULL,21);
INSERT INTO Games VALUES(1068,63,31,2,0,NULL,NULL,21);
INSERT INTO Games VALUES(1069,63,61,0,0,NULL,NULL,21);
INSERT INTO Games VALUES(1070,31,61,0,0,NULL,NULL,21);
INSERT INTO Games VALUES(1071,24,63,1,3,NULL,NULL,21);
INSERT INTO Games VALUES(1072,27,56,2,0,NULL,NULL,21);
INSERT INTO Games VALUES(1073,63,27,1,2,NULL,NULL,21);
INSERT INTO Games VALUES(1074,56,24,4,0,NULL,NULL,21);
INSERT INTO Games VALUES(1075,49,13,0,7,NULL,NULL,22);
INSERT INTO Games VALUES(1076,64,24,6,0,NULL,NULL,22);
INSERT INTO Games VALUES(1077,24,49,1,0,NULL,NULL,22);
INSERT INTO Games VALUES(1078,13,64,5,1,NULL,NULL,22);
INSERT INTO Games VALUES(1079,24,13,0,5,NULL,NULL,22);
INSERT INTO Games VALUES(1080,49,64,0,4,NULL,NULL,22);
INSERT INTO Games VALUES(1081,13,49,10,0,NULL,NULL,22);
INSERT INTO Games VALUES(1082,64,24,7,0,NULL,NULL,22);
INSERT INTO Games VALUES(1083,49,24,0,2,NULL,NULL,22);
INSERT INTO Games VALUES(1084,13,64,5,1,NULL,NULL,22);
INSERT INTO Games VALUES(1085,13,14,5,0,NULL,NULL,23);
INSERT INTO Games VALUES(1086,24,49,1,0,NULL,NULL,23);
INSERT INTO Games VALUES(1087,13,24,6,0,NULL,NULL,23);
INSERT INTO Games VALUES(1088,14,49,2,0,NULL,NULL,23);
INSERT INTO Games VALUES(1089,14,49,0,0,NULL,NULL,23);
INSERT INTO Games VALUES(1090,13,24,6,0,NULL,NULL,23);
INSERT INTO Games VALUES(1091,13,49,3,1,NULL,NULL,23);
INSERT INTO Games VALUES(1092,14,24,0,0,NULL,NULL,23);
INSERT INTO Games VALUES(1093,13,14,6,0,NULL,NULL,23);
INSERT INTO Games VALUES(1094,49,24,2,0,NULL,NULL,23);
INSERT INTO Games VALUES(1095,19,6,7,0,NULL,NULL,24);
INSERT INTO Games VALUES(1096,17,51,4,0,NULL,NULL,24);
INSERT INTO Games VALUES(1097,16,33,4,0,NULL,NULL,24);
INSERT INTO Games VALUES(1098,3,50,8,0,NULL,NULL,24);
INSERT INTO Games VALUES(1099,19,16,5,0,NULL,NULL,24);
INSERT INTO Games VALUES(1100,17,3,4,1,NULL,NULL,24);
INSERT INTO Games VALUES(1101,6,33,4,0,NULL,NULL,24);
INSERT INTO Games VALUES(1102,51,50,8,0,NULL,NULL,24);
INSERT INTO Games VALUES(1103,19,33,7,0,NULL,NULL,24);
INSERT INTO Games VALUES(1104,16,6,2,1,NULL,NULL,24);
INSERT INTO Games VALUES(1105,17,50,6,0,NULL,NULL,24);
INSERT INTO Games VALUES(1106,3,51,2,1,NULL,NULL,24);
INSERT INTO Games VALUES(1107,16,51,1,5,NULL,NULL,24);
INSERT INTO Games VALUES(1108,3,6,10,0,NULL,NULL,24);
INSERT INTO Games VALUES(1109,19,3,5,0,NULL,NULL,24);
INSERT INTO Games VALUES(1110,17,51,3,1,NULL,NULL,24);
INSERT INTO Games VALUES(1111,3,51,1,2,NULL,NULL,24);
INSERT INTO Games VALUES(1112,19,17,4,3,NULL,NULL,24);
INSERT INTO Games VALUES(1113,19,24,9,0,NULL,NULL,25);
INSERT INTO Games VALUES(1114,17,63,10,0,NULL,NULL,25);
INSERT INTO Games VALUES(1115,13,56,5,0,NULL,NULL,25);
INSERT INTO Games VALUES(1116,2,45,5,0,NULL,NULL,25);
INSERT INTO Games VALUES(1117,33,66,3,0,NULL,NULL,25);
INSERT INTO Games VALUES(1118,50,25,3,0,NULL,NULL,25);
INSERT INTO Games VALUES(1119,16,6,1,0,NULL,NULL,25);
INSERT INTO Games VALUES(1120,31,65,2,0,NULL,NULL,25);
INSERT INTO Games VALUES(1121,51,24,10,0,NULL,NULL,25);
INSERT INTO Games VALUES(1122,3,56,4,0,NULL,NULL,25);
INSERT INTO Games VALUES(1123,2,66,4,0,NULL,NULL,25);
INSERT INTO Games VALUES(1124,19,51,5,0,NULL,NULL,25);
INSERT INTO Games VALUES(1125,27,6,1,6,NULL,NULL,25);
INSERT INTO Games VALUES(1126,33,45,6,0,NULL,NULL,25);
INSERT INTO Games VALUES(1127,50,65,4,0,NULL,NULL,25);
INSERT INTO Games VALUES(1128,31,25,0,0,NULL,NULL,25);
INSERT INTO Games VALUES(1129,17,23,6,0,NULL,NULL,25);
INSERT INTO Games VALUES(1130,23,63,8,0,NULL,NULL,25);
INSERT INTO Games VALUES(1131,16,27,7,0,NULL,NULL,25);
INSERT INTO Games VALUES(1132,3,13,4,0,NULL,NULL,25);
INSERT INTO Games VALUES(1133,2,33,1,1,NULL,NULL,25);
INSERT INTO Games VALUES(1134,45,66,0,4,NULL,NULL,25);
INSERT INTO Games VALUES(1135,50,31,2,0,NULL,NULL,25);
INSERT INTO Games VALUES(1136,25,65,1,5,NULL,NULL,25);
INSERT INTO Games VALUES(1137,27,33,1,6,NULL,NULL,25);
INSERT INTO Games VALUES(1138,24,50,0,7,NULL,NULL,25);
INSERT INTO Games VALUES(1139,63,2,0,3,NULL,NULL,25);
INSERT INTO Games VALUES(1140,56,31,0,0,0,1,25);
INSERT INTO Games VALUES(1141,19,13,10,0,NULL,NULL,25);
INSERT INTO Games VALUES(1142,19,2,7,0,NULL,NULL,25);
INSERT INTO Games VALUES(1143,13,2,2,0,NULL,NULL,25);
INSERT INTO Games VALUES(1144,17,6,5,0,NULL,NULL,25);
INSERT INTO Games VALUES(1145,17,50,5,0,NULL,NULL,25);
INSERT INTO Games VALUES(1146,6,50,3,0,NULL,NULL,25);
INSERT INTO Games VALUES(1147,16,23,6,0,NULL,NULL,25);
INSERT INTO Games VALUES(1148,16,31,9,0,NULL,NULL,25);
INSERT INTO Games VALUES(1149,23,31,6,0,NULL,NULL,25);
INSERT INTO Games VALUES(1150,3,51,5,0,NULL,NULL,25);
INSERT INTO Games VALUES(1151,3,33,7,0,NULL,NULL,25);
INSERT INTO Games VALUES(1152,51,33,3,1,NULL,NULL,25);
INSERT INTO Games VALUES(1153,24,65,0,6,NULL,NULL,25);
INSERT INTO Games VALUES(1154,27,45,3,0,NULL,NULL,25);
INSERT INTO Games VALUES(1155,65,45,0,0,NULL,NULL,25);
INSERT INTO Games VALUES(1156,63,66,1,1,NULL,NULL,25);
INSERT INTO Games VALUES(1157,66,25,5,0,NULL,NULL,25);
INSERT INTO Games VALUES(1158,13,31,7,0,NULL,NULL,25);
INSERT INTO Games VALUES(1159,6,33,0,0,0,1,25);
INSERT INTO Games VALUES(1160,23,2,8,0,NULL,NULL,25);
INSERT INTO Games VALUES(1161,51,50,9,0,NULL,NULL,25);
INSERT INTO Games VALUES(1162,24,27,0,0,NULL,NULL,25);
INSERT INTO Games VALUES(1163,24,45,2,0,NULL,NULL,25);
INSERT INTO Games VALUES(1164,27,65,0,0,NULL,NULL,25);
INSERT INTO Games VALUES(1165,63,56,0,2,NULL,NULL,25);
INSERT INTO Games VALUES(1166,63,25,1,1,NULL,NULL,25);
INSERT INTO Games VALUES(1167,56,66,0,0,NULL,NULL,25);
INSERT INTO Games VALUES(1168,56,25,4,0,NULL,NULL,25);
INSERT INTO Games VALUES(1169,19,33,10,0,NULL,NULL,25);
INSERT INTO Games VALUES(1170,17,13,10,0,NULL,NULL,25);
INSERT INTO Games VALUES(1171,16,51,2,1,NULL,NULL,25);
INSERT INTO Games VALUES(1172,3,23,5,0,NULL,NULL,25);
INSERT INTO Games VALUES(1173,19,3,3,0,NULL,NULL,25);
INSERT INTO Games VALUES(1174,17,16,8,0,NULL,NULL,25);
INSERT INTO Games VALUES(1175,19,17,2,1,NULL,NULL,25);
INSERT INTO Games VALUES(1176,3,16,11,2,NULL,NULL,25);
INSERT INTO Games VALUES(1177,27,66,1,2,NULL,NULL,25);
INSERT INTO Games VALUES(1178,56,65,1,2,NULL,NULL,25);
INSERT INTO Games VALUES(1179,66,65,3,4,NULL,NULL,25);
INSERT INTO Games VALUES(1180,27,56,3,0,NULL,NULL,25);
INSERT INTO Games VALUES(1181,17,16,4,0,NULL,NULL,26);
INSERT INTO Games VALUES(1182,3,51,6,0,NULL,NULL,26);
INSERT INTO Games VALUES(1183,33,2,2,0,NULL,NULL,26);
INSERT INTO Games VALUES(1184,25,67,7,0,NULL,NULL,26);
INSERT INTO Games VALUES(1185,3,33,1,0,NULL,NULL,26);
INSERT INTO Games VALUES(1186,25,19,0,8,NULL,NULL,26);
INSERT INTO Games VALUES(1187,16,51,10,0,NULL,NULL,26);
INSERT INTO Games VALUES(1188,2,67,2,0,NULL,NULL,26);
INSERT INTO Games VALUES(1189,3,19,0,7,NULL,NULL,26);
INSERT INTO Games VALUES(1190,17,25,5,2,NULL,NULL,26);
INSERT INTO Games VALUES(1191,16,2,2,1,NULL,NULL,26);
INSERT INTO Games VALUES(1192,67,51,4,0,NULL,NULL,26);
INSERT INTO Games VALUES(1193,19,17,3,0,NULL,NULL,26);
INSERT INTO Games VALUES(1194,16,25,2,2,NULL,NULL,26);
INSERT INTO Games VALUES(1195,33,67,3,0,NULL,NULL,26);
INSERT INTO Games VALUES(1196,2,51,3,0,NULL,NULL,26);
INSERT INTO Games VALUES(1197,3,67,5,0,NULL,NULL,26);
INSERT INTO Games VALUES(1198,25,51,9,1,NULL,NULL,26);
INSERT INTO Games VALUES(1199,19,33,9,0,NULL,NULL,26);
INSERT INTO Games VALUES(1200,17,2,6,0,NULL,NULL,26);
INSERT INTO Games VALUES(1201,3,2,0,0,NULL,NULL,26);
INSERT INTO Games VALUES(1202,19,16,7,0,NULL,NULL,26);
INSERT INTO Games VALUES(1203,17,67,10,0,NULL,NULL,26);
INSERT INTO Games VALUES(1204,33,51,6,0,NULL,NULL,26);
INSERT INTO Games VALUES(1205,3,25,0,1,NULL,NULL,26);
INSERT INTO Games VALUES(1206,19,51,10,0,NULL,NULL,26);
INSERT INTO Games VALUES(1207,17,67,10,0,NULL,NULL,26);
INSERT INTO Games VALUES(1208,33,16,2,1,NULL,NULL,26);
INSERT INTO Games VALUES(1209,19,33,10,0,NULL,NULL,26);
INSERT INTO Games VALUES(1210,17,25,5,2,NULL,NULL,26);
INSERT INTO Games VALUES(1211,33,25,2,4,NULL,NULL,26);
INSERT INTO Games VALUES(1212,19,17,4,0,NULL,NULL,26);
INSERT INTO Games VALUES(1213,50,24,2,0,NULL,NULL,27);
INSERT INTO Games VALUES(1214,16,13,8,0,NULL,NULL,27);
INSERT INTO Games VALUES(1215,17,3,3,0,NULL,NULL,27);
INSERT INTO Games VALUES(1216,33,2,3,0,NULL,NULL,27);
INSERT INTO Games VALUES(1217,66,51,0,4,NULL,NULL,27);
INSERT INTO Games VALUES(1218,63,31,0,1,NULL,NULL,27);
INSERT INTO Games VALUES(1219,16,33,4,0,NULL,NULL,27);
INSERT INTO Games VALUES(1220,50,51,0,9,NULL,NULL,27);
INSERT INTO Games VALUES(1221,31,19,0,10,NULL,NULL,27);
INSERT INTO Games VALUES(1222,3,13,0,0,NULL,NULL,27);
INSERT INTO Games VALUES(1223,66,63,3,0,NULL,NULL,27);
INSERT INTO Games VALUES(1224,2,24,3,0,NULL,NULL,27);
INSERT INTO Games VALUES(1225,16,19,0,4,NULL,NULL,27);
INSERT INTO Games VALUES(1226,17,33,7,0,NULL,NULL,27);
INSERT INTO Games VALUES(1227,31,2,0,3,NULL,NULL,27);
INSERT INTO Games VALUES(1228,13,63,8,0,NULL,NULL,27);
INSERT INTO Games VALUES(1229,3,24,5,0,NULL,NULL,27);
INSERT INTO Games VALUES(1230,50,66,0,1,NULL,NULL,27);
INSERT INTO Games VALUES(1231,17,66,7,0,NULL,NULL,27);
INSERT INTO Games VALUES(1232,2,3,0,5,NULL,NULL,27);
INSERT INTO Games VALUES(1233,63,24,0,0,NULL,NULL,27);
INSERT INTO Games VALUES(1234,19,51,6,0,NULL,NULL,27);
INSERT INTO Games VALUES(1235,50,31,0,0,NULL,NULL,27);
INSERT INTO Games VALUES(1236,13,33,1,1,NULL,NULL,27);
INSERT INTO Games VALUES(1237,2,50,0,1,NULL,NULL,27);
INSERT INTO Games VALUES(1238,33,63,3,0,NULL,NULL,27);
INSERT INTO Games VALUES(1239,16,51,1,2,NULL,NULL,27);
INSERT INTO Games VALUES(1240,31,24,0,0,NULL,NULL,27);
INSERT INTO Games VALUES(1241,19,17,8,0,NULL,NULL,27);
INSERT INTO Games VALUES(1242,66,13,1,3,NULL,NULL,27);
INSERT INTO Games VALUES(1243,13,3,1,3,NULL,NULL,27);
INSERT INTO Games VALUES(1244,17,33,8,0,NULL,NULL,27);
INSERT INTO Games VALUES(1245,19,50,10,0,NULL,NULL,27);
INSERT INTO Games VALUES(1246,51,16,2,3,NULL,NULL,27);
INSERT INTO Games VALUES(1247,19,3,6,0,NULL,NULL,27);
INSERT INTO Games VALUES(1248,17,16,4,0,NULL,NULL,27);
INSERT INTO Games VALUES(1249,3,16,1,0,NULL,NULL,27);
INSERT INTO Games VALUES(1250,19,17,4,0,NULL,NULL,27);
INSERT INTO Games VALUES(1251,17,16,5,1,NULL,NULL,28);
INSERT INTO Games VALUES(1252,33,51,0,2,NULL,NULL,28);
INSERT INTO Games VALUES(1253,50,31,1,4,NULL,NULL,28);
INSERT INTO Games VALUES(1254,67,63,5,1,NULL,NULL,28);
INSERT INTO Games VALUES(1255,51,31,5,0,NULL,NULL,28);
INSERT INTO Games VALUES(1256,67,19,0,6,NULL,NULL,28);
INSERT INTO Games VALUES(1257,16,33,4,0,NULL,NULL,28);
INSERT INTO Games VALUES(1258,50,63,1,1,NULL,NULL,28);
INSERT INTO Games VALUES(1259,19,17,7,0,NULL,NULL,28);
INSERT INTO Games VALUES(1260,31,67,2,1,NULL,NULL,28);
INSERT INTO Games VALUES(1261,16,50,8,0,NULL,NULL,28);
INSERT INTO Games VALUES(1262,63,33,0,0,NULL,NULL,28);
INSERT INTO Games VALUES(1263,19,51,7,0,NULL,NULL,28);
INSERT INTO Games VALUES(1264,16,67,3,1,NULL,NULL,28);
INSERT INTO Games VALUES(1265,17,63,8,0,NULL,NULL,28);
INSERT INTO Games VALUES(1266,33,50,2,1,NULL,NULL,28);
INSERT INTO Games VALUES(1267,19,31,10,0,NULL,NULL,28);
INSERT INTO Games VALUES(1268,17,33,7,1,NULL,NULL,28);
INSERT INTO Games VALUES(1269,51,63,5,0,NULL,NULL,28);
INSERT INTO Games VALUES(1270,67,50,4,2,NULL,NULL,28);
INSERT INTO Games VALUES(1271,19,33,10,0,NULL,NULL,28);
INSERT INTO Games VALUES(1272,17,31,7,0,NULL,NULL,28);
INSERT INTO Games VALUES(1273,51,50,4,0,NULL,NULL,28);
INSERT INTO Games VALUES(1274,16,63,7,0,NULL,NULL,28);
INSERT INTO Games VALUES(1275,17,33,5,0,NULL,NULL,28);
INSERT INTO Games VALUES(1276,19,63,10,0,NULL,NULL,28);
INSERT INTO Games VALUES(1277,16,31,3,0,NULL,NULL,28);
INSERT INTO Games VALUES(1278,51,67,2,8,NULL,NULL,28);
INSERT INTO Games VALUES(1279,19,16,10,0,NULL,NULL,28);
INSERT INTO Games VALUES(1270,17,67,2,0,NULL,NULL,28);
INSERT INTO Games VALUES(1281,16,67,0,0,4,3,28);
INSERT INTO Games VALUES(1282,19,17,7,0,NULL,NULL,28);
COMMIT;
